,total,locked,free,currency,account_id,account_type,base_currency,margins,reported,info
2024-05-23 00:00:00+00:00,9995.00001494,0E-8,9995.00001494,USDT,BINANCE-001,MARGIN,,[],True,{}
2024-05-23 19:00:00+00:00,9995.00001494,0E-8,9995.00001494,USDT,BINANCE-001,MARGIN,,[],False,{}
2024-05-24 00:00:00+00:00,9965.37287318,4.99998506,9960.37288812,USDT,BINANCE-001,MARGIN,,"[{'type': 'MarginBalance', 'initial': '0E-8', 'maintenance': '4.99998506', 'currency': 'USDT', 'instrument_id': 'BTCUSDT.BINANCE'}]",False,{}
2024-05-24 00:00:00+00:00,9960.37284492,0E-8,9960.37284492,USDT,BINANCE-001,MARGIN,,[],False,{}
2024-05-24 03:00:00+00:00,9938.04174234,5.00002826,9933.04171408,USDT,BINANCE-001,MARGIN,,"[{'type': 'MarginBalance', 'initial': '0E-8', 'maintenance': '5.00002826', 'currency': 'USDT', 'instrument_id': 'BTCUSDT.BINANCE'}]",False,{}
2024-05-24 03:00:00+00:00,9933.04171274,0E-8,9933.04171274,USDT,BINANCE-001,MARGIN,,[],False,{}
2024-05-24 06:00:00+00:00,9876.41673280,5.00002960,9871.41670320,USDT,BINANCE-001,MARGIN,,"[{'type': 'MarginBalance', 'initial': '0E-8', 'maintenance': '5.00002960', 'currency': 'USDT', 'instrument_id': 'BTCUSDT.BINANCE'}]",False,{}
2024-05-24 06:00:00+00:00,9871.41671060,0E-8,9871.41671060,USDT,BINANCE-001,MARGIN,,[],False,{}
2024-05-24 20:00:00+00:00,9743.74512642,5.00002220,9738.74510422,USDT,BINANCE-001,MARGIN,,"[{'type': 'MarginBalance', 'initial': '0E-8', 'maintenance': '5.00002220', 'currency': 'USDT', 'instrument_id': 'BTCUSDT.BINANCE'}]",False,{}
2024-05-24 20:00:00+00:00,9738.74515383,0E-8,9738.74515383,USDT,BINANCE-001,MARGIN,,[],False,{}
2024-05-25 01:00:00+00:00,9716.99343366,4.99997259,9711.99346107,USDT,BINANCE-001,MARGIN,,"[{'type': 'MarginBalance', 'initial': '0E-8', 'maintenance': '4.99997259', 'currency': 'USDT', 'instrument_id': 'BTCUSDT.BINANCE'}]",False,{}
2024-05-25 01:00:00+00:00,9711.99342109,0E-8,9711.99342109,USDT,BINANCE-001,MARGIN,,[],False,{}
2024-05-25 13:00:00+00:00,9681.32129005,5.00001257,9676.32127748,USDT,BINANCE-001,MARGIN,,"[{'type': 'MarginBalance', 'initial': '0E-8', 'maintenance': '5.00001257', 'currency': 'USDT', 'instrument_id': 'BTCUSDT.BINANCE'}]",False,{}
2024-05-25 13:00:00+00:00,9676.32128339,0E-8,9676.32128339,USDT,BINANCE-001,MARGIN,,[],False,{}
2024-05-25 15:00:00+00:00,9663.46202584,5.00000666,9658.46201918,USDT,BINANCE-001,MARGIN,,"[{'type': 'MarginBalance', 'initial': '0E-8', 'maintenance': '5.00000666', 'currency': 'USDT', 'instrument_id': 'BTCUSDT.BINANCE'}]",False,{}
2024-05-25 15:00:00+00:00,9658.46203745,0E-8,9658.46203745,USDT,BINANCE-001,MARGIN,,[],False,{}
2024-05-25 16:00:00+00:00,9647.12889359,4.99998839,9642.12890520,USDT,BINANCE-001,MARGIN,,"[{'type': 'MarginBalance', 'initial': '0E-8', 'maintenance': '4.99998839', 'currency': 'USDT', 'instrument_id': 'BTCUSDT.BINANCE'}]",False,{}
2024-05-25 16:00:00+00:00,9642.12892054,0E-8,9642.12892054,USDT,BINANCE-001,MARGIN,,[],False,{}
2024-05-25 20:00:00+00:00,9653.28116670,4.99997305,9648.28119365,USDT,BINANCE-001,MARGIN,,"[{'type': 'MarginBalance', 'initial': '0E-8', 'maintenance': '4.99997305', 'currency': 'USDT', 'instrument_id': 'BTCUSDT.BINANCE'}]",False,{}
2024-05-25 20:00:00+00:00,9648.28113944,0E-8,9648.28113944,USDT,BINANCE-001,MARGIN,,[],False,{}
2024-05-25 22:00:00+00:00,9645.49127051,5.00002726,9640.49124325,USDT,BINANCE-001,MARGIN,,"[{'type': 'MarginBalance', 'initial': '0E-8', 'maintenance': '5.00002726', 'currency': 'USDT', 'instrument_id': 'BTCUSDT.BINANCE'}]",False,{}
2024-05-25 22:00:00+00:00,9640.49123907,0E-8,9640.49123907,USDT,BINANCE-001,MARGIN,,[],False,{}
2024-05-26 01:00:00+00:00,9612.32355121,5.00003144,9607.32351977,USDT,BINANCE-001,MARGIN,,"[{'type': 'MarginBalance', 'initial': '0E-8', 'maintenance': '5.00003144', 'currency': 'USDT', 'instrument_id': 'BTCUSDT.BINANCE'}]",False,{}
2024-05-26 01:00:00+00:00,9607.32352220,0E-8,9607.32352220,USDT,BINANCE-001,MARGIN,,[],False,{}
2024-05-26 03:00:00+00:00,9583.02956203,5.00002901,9578.02953302,USDT,BINANCE-001,MARGIN,,"[{'type': 'MarginBalance', 'initial': '0E-8', 'maintenance': '5.00002901', 'currency': 'USDT', 'instrument_id': 'BTCUSDT.BINANCE'}]",False,{}
2024-05-26 03:00:00+00:00,9578.02952990,0E-8,9578.02952990,USDT,BINANCE-001,MARGIN,,[],False,{}
2024-05-26 05:00:00+00:00,9577.80081593,5.00003213,9572.80078380,USDT,BINANCE-001,MARGIN,,"[{'type': 'MarginBalance', 'initial': '0E-8', 'maintenance': '5.00003213', 'currency': 'USDT', 'instrument_id': 'BTCUSDT.BINANCE'}]",False,{}
2024-05-26 05:00:00+00:00,9572.80084748,0E-8,9572.80084748,USDT,BINANCE-001,MARGIN,,[],False,{}
2024-05-26 08:00:00+00:00,9579.74873580,4.99996845,9574.74876735,USDT,BINANCE-001,MARGIN,,"[{'type': 'MarginBalance', 'initial': '0E-8', 'maintenance': '4.99996845', 'currency': 'USDT', 'instrument_id': 'BTCUSDT.BINANCE'}]",False,{}
2024-05-26 08:00:00+00:00,9574.74870170,0E-8,9574.74870170,USDT,BINANCE-001,MARGIN,,[],False,{}
2024-05-26 15:00:00+00:00,9555.52494824,5.00003410,9550.52491414,USDT,BINANCE-001,MARGIN,,"[{'type': 'MarginBalance', 'initial': '0E-8', 'maintenance': '5.00003410', 'currency': 'USDT', 'instrument_id': 'BTCUSDT.BINANCE'}]",False,{}
2024-05-26 15:00:00+00:00,9550.52491502,0E-8,9550.52491502,USDT,BINANCE-001,MARGIN,,[],False,{}
2024-05-26 16:00:00+00:00,9540.81952847,5.00003322,9535.81949525,USDT,BINANCE-001,MARGIN,,"[{'type': 'MarginBalance', 'initial': '0E-8', 'maintenance': '5.00003322', 'currency': 'USDT', 'instrument_id': 'BTCUSDT.BINANCE'}]",False,{}
2024-05-26 16:00:00+00:00,9535.81954475,0E-8,9535.81954475,USDT,BINANCE-001,MARGIN,,[],False,{}
2024-05-26 22:00:00+00:00,9510.30061931,4.99998372,9505.30063559,USDT,BINANCE-001,MARGIN,,"[{'type': 'MarginBalance', 'initial': '0E-8', 'maintenance': '4.99998372', 'currency': 'USDT', 'instrument_id': 'BTCUSDT.BINANCE'}]",False,{}
2024-05-26 22:00:00+00:00,9505.30060707,0E-8,9505.30060707,USDT,BINANCE-001,MARGIN,,[],False,{}
2024-05-27 03:00:00+00:00,9485.35636994,5.00001224,9480.35635770,USDT,BINANCE-001,MARGIN,,"[{'type': 'MarginBalance', 'initial': '0E-8', 'maintenance': '5.00001224', 'currency': 'USDT', 'instrument_id': 'BTCUSDT.BINANCE'}]",False,{}
2024-05-27 03:00:00+00:00,9480.35635035,0E-8,9480.35635035,USDT,BINANCE-001,MARGIN,,[],False,{}
2024-05-27 13:00:00+00:00,9602.88113838,5.00001959,9597.88111879,USDT,BINANCE-001,MARGIN,,"[{'type': 'MarginBalance', 'initial': '0E-8', 'maintenance': '5.00001959', 'currency': 'USDT', 'instrument_id': 'BTCUSDT.BINANCE'}]",False,{}
2024-05-27 13:00:00+00:00,9597.88110807,0E-8,9597.88110807,USDT,BINANCE-001,MARGIN,,[],False,{}
2024-05-27 22:00:00+00:00,9677.78596042,5.00003031,9672.78593011,USDT,BINANCE-001,MARGIN,,"[{'type': 'MarginBalance', 'initial': '0E-8', 'maintenance': '5.00003031', 'currency': 'USDT', 'instrument_id': 'BTCUSDT.BINANCE'}]",False,{}
2024-05-27 22:00:00+00:00,9672.78596692,0E-8,9672.78596692,USDT,BINANCE-001,MARGIN,,[],False,{}
2024-05-27 23:00:00+00:00,9675.88687816,4.99999350,9670.88688466,USDT,BINANCE-001,MARGIN,,"[{'type': 'MarginBalance', 'initial': '0E-8', 'maintenance': '4.99999350', 'currency': 'USDT', 'instrument_id': 'BTCUSDT.BINANCE'}]",False,{}
2024-05-27 23:00:00+00:00,9670.88689971,0E-8,9670.88689971,USDT,BINANCE-001,MARGIN,,[],False,{}
2024-05-28 14:00:00+00:00,9736.47054829,4.99997845,9731.47056984,USDT,BINANCE-001,MARGIN,,"[{'type': 'MarginBalance', 'initial': '0E-8', 'maintenance': '4.99997845', 'currency': 'USDT', 'instrument_id': 'BTCUSDT.BINANCE'}]",False,{}
2024-05-28 14:00:00+00:00,9731.47057205,0E-8,9731.47057205,USDT,BINANCE-001,MARGIN,,[],False,{}
2024-05-28 15:00:00+00:00,9704.75257487,4.99997624,9699.75259863,USDT,BINANCE-001,MARGIN,,"[{'type': 'MarginBalance', 'initial': '0E-8', 'maintenance': '4.99997624', 'currency': 'USDT', 'instrument_id': 'BTCUSDT.BINANCE'}]",False,{}
2024-05-28 15:00:00+00:00,9699.75259549,0E-8,9699.75259549,USDT,BINANCE-001,MARGIN,,[],False,{}
2024-05-28 16:00:00+00:00,9732.86884583,4.99997938,9727.86886645,USDT,BINANCE-001,MARGIN,,"[{'type': 'MarginBalance', 'initial': '0E-8', 'maintenance': '4.99997938', 'currency': 'USDT', 'instrument_id': 'BTCUSDT.BINANCE'}]",False,{}
2024-05-28 16:00:00+00:00,9727.86886303,0E-8,9727.86886303,USDT,BINANCE-001,MARGIN,,[],False,{}
2024-05-29 03:00:00+00:00,9811.71088369,4.99998280,9806.71090089,USDT,BINANCE-001,MARGIN,,"[{'type': 'MarginBalance', 'initial': '0E-8', 'maintenance': '4.99998280', 'currency': 'USDT', 'instrument_id': 'BTCUSDT.BINANCE'}]",False,{}
2024-05-29 03:00:00+00:00,9806.71091579,0E-8,9806.71091579,USDT,BINANCE-001,MARGIN,,[],False,{}
2024-05-29 07:00:00+00:00,9866.89651198,4.99996790,9861.89654408,USDT,BINANCE-001,MARGIN,,"[{'type': 'MarginBalance', 'initial': '0E-8', 'maintenance': '4.99996790', 'currency': 'USDT', 'instrument_id': 'BTCUSDT.BINANCE'}]",False,{}
2024-05-29 07:00:00+00:00,9861.89650345,0E-8,9861.89650345,USDT,BINANCE-001,MARGIN,,[],False,{}
2024-05-29 18:00:00+00:00,9803.16627649,5.00000853,9798.16626796,USDT,BINANCE-001,MARGIN,,"[{'type': 'MarginBalance', 'initial': '0E-8', 'maintenance': '5.00000853', 'currency': 'USDT', 'instrument_id': 'BTCUSDT.BINANCE'}]",False,{}
2024-05-29 18:00:00+00:00,9798.16627915,0E-8,9798.16627915,USDT,BINANCE-001,MARGIN,,[],False,{}
2024-05-29 21:00:00+00:00,9757.09644134,4.99999734,9752.09644400,USDT,BINANCE-001,MARGIN,,"[{'type': 'MarginBalance', 'initial': '0E-8', 'maintenance': '4.99999734', 'currency': 'USDT', 'instrument_id': 'BTCUSDT.BINANCE'}]",False,{}
2024-05-29 21:00:00+00:00,9752.09642682,0E-8,9752.09642682,USDT,BINANCE-001,MARGIN,,[],False,{}
2024-05-30 02:00:00+00:00,9781.22609435,5.00001452,9776.22607983,USDT,BINANCE-001,MARGIN,,"[{'type': 'MarginBalance', 'initial': '0E-8', 'maintenance': '5.00001452', 'currency': 'USDT', 'instrument_id': 'BTCUSDT.BINANCE'}]",False,{}
2024-05-30 02:00:00+00:00,9776.22606565,0E-8,9776.22606565,USDT,BINANCE-001,MARGIN,,[],False,{}
2024-05-30 07:00:00+00:00,9847.22334834,5.00002870,9842.22331964,USDT,BINANCE-001,MARGIN,,"[{'type': 'MarginBalance', 'initial': '0E-8', 'maintenance': '5.00002870', 'currency': 'USDT', 'instrument_id': 'BTCUSDT.BINANCE'}]",False,{}
2024-05-30 07:00:00+00:00,9842.22331926,0E-8,9842.22331926,USDT,BINANCE-001,MARGIN,,[],False,{}
2024-05-31 07:00:00+00:00,9898.38873351,5.00002908,9893.38870443,USDT,BINANCE-001,MARGIN,,"[{'type': 'MarginBalance', 'initial': '0E-8', 'maintenance': '5.00002908', 'currency': 'USDT', 'instrument_id': 'BTCUSDT.BINANCE'}]",False,{}
2024-05-31 07:00:00+00:00,9893.38870071,0E-8,9893.38870071,USDT,BINANCE-001,MARGIN,,[],False,{}
2024-05-31 08:00:00+00:00,9860.15350624,5.00003280,9855.15347344,USDT,BINANCE-001,MARGIN,,"[{'type': 'MarginBalance', 'initial': '0E-8', 'maintenance': '5.00003280', 'currency': 'USDT', 'instrument_id': 'BTCUSDT.BINANCE'}]",False,{}
2024-05-31 08:00:00+00:00,9855.15348815,0E-8,9855.15348815,USDT,BINANCE-001,MARGIN,,[],False,{}
2024-05-31 14:00:00+00:00,9767.31023850,5.00001809,9762.31022041,USDT,BINANCE-001,MARGIN,,"[{'type': 'MarginBalance', 'initial': '0E-8', 'maintenance': '5.00001809', 'currency': 'USDT', 'instrument_id': 'BTCUSDT.BINANCE'}]",False,{}
2024-05-31 14:00:00+00:00,9762.31022176,0E-8,9762.31022176,USDT,BINANCE-001,MARGIN,,[],False,{}
2024-05-31 15:00:00+00:00,9746.67752516,5.00001674,9741.67750842,USDT,BINANCE-001,MARGIN,,"[{'type': 'MarginBalance', 'initial': '0E-8', 'maintenance': '5.00001674', 'currency': 'USDT', 'instrument_id': 'BTCUSDT.BINANCE'}]",False,{}
2024-05-31 15:00:00+00:00,9741.67752652,0E-8,9741.67752652,USDT,BINANCE-001,MARGIN,,[],False,{}
2024-05-31 22:00:00+00:00,9759.88544056,4.99999864,9754.88544192,USDT,BINANCE-001,MARGIN,,"[{'type': 'MarginBalance', 'initial': '0E-8', 'maintenance': '4.99999864', 'currency': 'USDT', 'instrument_id': 'BTCUSDT.BINANCE'}]",False,{}
2024-05-31 22:00:00+00:00,9754.88541666,0E-8,9754.88541666,USDT,BINANCE-001,MARGIN,,[],False,{}
2024-05-31 23:00:00+00:00,9760.85409659,5.00002390,9755.85407269,USDT,BINANCE-001,MARGIN,,"[{'type': 'MarginBalance', 'initial': '0E-8', 'maintenance': '5.00002390', 'currency': 'USDT', 'instrument_id': 'BTCUSDT.BINANCE'}]",False,{}
2024-05-31 23:00:00+00:00,9755.85409424,0E-8,9755.85409424,USDT,BINANCE-001,MARGIN,,[],False,{}
2024-06-01 11:00:00+00:00,9775.24257326,5.00000235,9770.24257091,USDT,BINANCE-001,MARGIN,,"[{'type': 'MarginBalance', 'initial': '0E-8', 'maintenance': '5.00000235', 'currency': 'USDT', 'instrument_id': 'BTCUSDT.BINANCE'}]",False,{}
2024-06-01 11:00:00+00:00,9770.24257934,0E-8,9770.24257934,USDT,BINANCE-001,MARGIN,,[],False,{}
2024-06-01 15:00:00+00:00,9768.63497630,4.99999392,9763.63498238,USDT,BINANCE-001,MARGIN,,"[{'type': 'MarginBalance', 'initial': '0E-8', 'maintenance': '4.99999392', 'currency': 'USDT', 'instrument_id': 'BTCUSDT.BINANCE'}]",False,{}
2024-06-01 15:00:00+00:00,9763.63498183,0E-8,9763.63498183,USDT,BINANCE-001,MARGIN,,[],False,{}
2024-06-01 21:00:00+00:00,9752.66525195,4.99999447,9747.66525748,USDT,BINANCE-001,MARGIN,,"[{'type': 'MarginBalance', 'initial': '0E-8', 'maintenance': '4.99999447', 'currency': 'USDT', 'instrument_id': 'BTCUSDT.BINANCE'}]",False,{}
2024-06-01 21:00:00+00:00,9747.66527471,0E-8,9747.66527471,USDT,BINANCE-001,MARGIN,,[],False,{}
2024-06-01 22:00:00+00:00,9727.84107386,4.99997724,9722.84109662,USDT,BINANCE-001,MARGIN,,"[{'type': 'MarginBalance', 'initial': '0E-8', 'maintenance': '4.99997724', 'currency': 'USDT', 'instrument_id': 'BTCUSDT.BINANCE'}]",False,{}
2024-06-01 22:00:00+00:00,9722.84109171,0E-8,9722.84109171,USDT,BINANCE-001,MARGIN,,[],False,{}
2024-06-03 00:00:00+00:00,9711.47441606,4.99998215,9706.47443391,USDT,BINANCE-001,MARGIN,,"[{'type': 'MarginBalance', 'initial': '0E-8', 'maintenance': '4.99998215', 'currency': 'USDT', 'instrument_id': 'BTCUSDT.BINANCE'}]",False,{}
2024-06-03 00:00:00+00:00,9706.47443152,0E-8,9706.47443152,USDT,BINANCE-001,MARGIN,,[],False,{}
2024-06-03 07:00:00+00:00,9621.57724840,4.99998454,9616.57726386,USDT,BINANCE-001,MARGIN,,"[{'type': 'MarginBalance', 'initial': '0E-8', 'maintenance': '4.99998454', 'currency': 'USDT', 'instrument_id': 'BTCUSDT.BINANCE'}]",False,{}
2024-06-03 07:00:00+00:00,9616.57724043,0E-8,9616.57724043,USDT,BINANCE-001,MARGIN,,[],False,{}
2024-06-03 11:00:00+00:00,9624.13965207,5.00000797,9619.13964410,USDT,BINANCE-001,MARGIN,,"[{'type': 'MarginBalance', 'initial': '0E-8', 'maintenance': '5.00000797', 'currency': 'USDT', 'instrument_id': 'BTCUSDT.BINANCE'}]",False,{}
2024-06-03 11:00:00+00:00,9619.13964167,0E-8,9619.13964167,USDT,BINANCE-001,MARGIN,,[],False,{}
2024-06-03 16:00:00+00:00,9614.13818222,5.00001040,9609.13817182,USDT,BINANCE-001,MARGIN,,"[{'type': 'MarginBalance', 'initial': '0E-8', 'maintenance': '5.00001040', 'currency': 'USDT', 'instrument_id': 'BTCUSDT.BINANCE'}]",False,{}
2024-06-03 16:00:00+00:00,9609.13817037,0E-8,9609.13817037,USDT,BINANCE-001,MARGIN,,[],False,{}
2024-06-03 22:00:00+00:00,9601.42589970,5.00001185,9596.42588785,USDT,BINANCE-001,MARGIN,,"[{'type': 'MarginBalance', 'initial': '0E-8', 'maintenance': '5.00001185', 'currency': 'USDT', 'instrument_id': 'BTCUSDT.BINANCE'}]",False,{}
2024-06-03 22:00:00+00:00,9596.42591017,0E-8,9596.42591017,USDT,BINANCE-001,MARGIN,,[],False,{}
2024-06-03 23:00:00+00:00,9621.33660503,4.99998953,9616.33661550,USDT,BINANCE-001,MARGIN,,"[{'type': 'MarginBalance', 'initial': '0E-8', 'maintenance': '4.99998953', 'currency': 'USDT', 'instrument_id': 'BTCUSDT.BINANCE'}]",False,{}
2024-06-03 23:00:00+00:00,9616.33657367,0E-8,9616.33657367,USDT,BINANCE-001,MARGIN,,[],False,{}
2024-06-04 17:00:00+00:00,9741.88660361,5.00003136,9736.88657225,USDT,BINANCE-001,MARGIN,,"[{'type': 'MarginBalance', 'initial': '0E-8', 'maintenance': '5.00003136', 'currency': 'USDT', 'instrument_id': 'BTCUSDT.BINANCE'}]",False,{}
2024-06-04 17:00:00+00:00,9736.88659772,0E-8,9736.88659772,USDT,BINANCE-001,MARGIN,,[],False,{}
2024-06-04 22:00:00+00:00,9706.84294559,5.00000589,9701.84293970,USDT,BINANCE-001,MARGIN,,"[{'type': 'MarginBalance', 'initial': '0E-8', 'maintenance': '5.00000589', 'currency': 'USDT', 'instrument_id': 'BTCUSDT.BINANCE'}]",False,{}
2024-06-04 22:00:00+00:00,9701.84297578,0E-8,9701.84297578,USDT,BINANCE-001,MARGIN,,[],False,{}
2024-06-04 23:00:00+00:00,9732.06031485,4.99996981,9727.06034504,USDT,BINANCE-001,MARGIN,,"[{'type': 'MarginBalance', 'initial': '0E-8', 'maintenance': '4.99996981', 'currency': 'USDT', 'instrument_id': 'BTCUSDT.BINANCE'}]",False,{}
2024-06-04 23:00:00+00:00,9727.06030232,0E-8,9727.06030232,USDT,BINANCE-001,MARGIN,,[],False,{}
2024-06-05 00:00:00+00:00,9766.21815839,5.00001253,9761.21814586,USDT,BINANCE-001,MARGIN,,"[{'type': 'MarginBalance', 'initial': '0E-8', 'maintenance': '5.00001253', 'currency': 'USDT', 'instrument_id': 'BTCUSDT.BINANCE'}]",False,{}
2024-06-05 00:00:00+00:00,9761.21817642,0E-8,9761.21817642,USDT,BINANCE-001,MARGIN,,[],False,{}
2024-06-05 03:00:00+00:00,9777.52986195,4.99998197,9772.52987998,USDT,BINANCE-001,MARGIN,,"[{'type': 'MarginBalance', 'initial': '0E-8', 'maintenance': '4.99998197', 'currency': 'USDT', 'instrument_id': 'BTCUSDT.BINANCE'}]",False,{}
2024-06-05 03:00:00+00:00,9772.52983125,0E-8,9772.52983125,USDT,BINANCE-001,MARGIN,,[],False,{}
2024-06-05 04:00:00+00:00,9753.24998550,5.00003070,9748.24995480,USDT,BINANCE-001,MARGIN,,"[{'type': 'MarginBalance', 'initial': '0E-8', 'maintenance': '5.00003070', 'currency': 'USDT', 'instrument_id': 'BTCUSDT.BINANCE'}]",False,{}
2024-06-05 04:00:00+00:00,9748.24999040,0E-8,9748.24999040,USDT,BINANCE-001,MARGIN,,[],False,{}
2024-06-05 12:00:00+00:00,9723.45184253,4.99999510,9718.45184743,USDT,BINANCE-001,MARGIN,,"[{'type': 'MarginBalance', 'initial': '0E-8', 'maintenance': '4.99999510', 'currency': 'USDT', 'instrument_id': 'BTCUSDT.BINANCE'}]",False,{}
2024-06-05 12:00:00+00:00,9718.45182236,0E-8,9718.45182236,USDT,BINANCE-001,MARGIN,,[],False,{}
2024-06-05 17:00:00+00:00,9684.35731093,5.00002017,9679.35729076,USDT,BINANCE-001,MARGIN,,"[{'type': 'MarginBalance', 'initial': '0E-8', 'maintenance': '5.00002017', 'currency': 'USDT', 'instrument_id': 'BTCUSDT.BINANCE'}]",False,{}
2024-06-05 17:00:00+00:00,9679.35730756,0E-8,9679.35730756,USDT,BINANCE-001,MARGIN,,[],False,{}
2024-06-06 06:00:00+00:00,9646.89037245,5.00000337,9641.89036908,USDT,BINANCE-001,MARGIN,,"[{'type': 'MarginBalance', 'initial': '0E-8', 'maintenance': '5.00000337', 'currency': 'USDT', 'instrument_id': 'BTCUSDT.BINANCE'}]",False,{}
2024-06-06 06:00:00+00:00,9641.89035896,0E-8,9641.89035896,USDT,BINANCE-001,MARGIN,,[],False,{}
2024-06-06 07:00:00+00:00,9638.69005504,5.00001349,9633.69004155,USDT,BINANCE-001,MARGIN,,"[{'type': 'MarginBalance', 'initial': '0E-8', 'maintenance': '5.00001349', 'currency': 'USDT', 'instrument_id': 'BTCUSDT.BINANCE'}]",False,{}
2024-06-06 07:00:00+00:00,9633.69006790,0E-8,9633.69006790,USDT,BINANCE-001,MARGIN,,[],False,{}
2024-06-06 15:00:00+00:00,9659.52877370,4.99998714,9654.52878656,USDT,BINANCE-001,MARGIN,,"[{'type': 'MarginBalance', 'initial': '0E-8', 'maintenance': '4.99998714', 'currency': 'USDT', 'instrument_id': 'BTCUSDT.BINANCE'}]",False,{}
2024-06-06 15:00:00+00:00,9654.52878990,0E-8,9654.52878990,USDT,BINANCE-001,MARGIN,,[],False,{}
2024-06-06 19:00:00+00:00,9732.52589764,4.99998380,9727.52591384,USDT,BINANCE-001,MARGIN,,"[{'type': 'MarginBalance', 'initial': '0E-8', 'maintenance': '4.99998380', 'currency': 'USDT', 'instrument_id': 'BTCUSDT.BINANCE'}]",False,{}
2024-06-06 19:00:00+00:00,9727.52587885,0E-8,9727.52587885,USDT,BINANCE-001,MARGIN,,[],False,{}
2024-06-06 23:00:00+00:00,9766.86134943,5.00001879,9761.86133064,USDT,BINANCE-001,MARGIN,,"[{'type': 'MarginBalance', 'initial': '0E-8', 'maintenance': '5.00001879', 'currency': 'USDT', 'instrument_id': 'BTCUSDT.BINANCE'}]",False,{}
2024-06-06 23:00:00+00:00,9761.86137549,0E-8,9761.86137549,USDT,BINANCE-001,MARGIN,,[],False,{}
2024-06-07 01:00:00+00:00,9739.19541432,4.99997394,9734.19544038,USDT,BINANCE-001,MARGIN,,"[{'type': 'MarginBalance', 'initial': '0E-8', 'maintenance': '4.99997394', 'currency': 'USDT', 'instrument_id': 'BTCUSDT.BINANCE'}]",False,{}
2024-06-07 01:00:00+00:00,9734.19539748,0E-8,9734.19539748,USDT,BINANCE-001,MARGIN,,[],False,{}
2024-06-07 02:00:00+00:00,9717.54263592,5.00001684,9712.54261908,USDT,BINANCE-001,MARGIN,,"[{'type': 'MarginBalance', 'initial': '0E-8', 'maintenance': '5.00001684', 'currency': 'USDT', 'instrument_id': 'BTCUSDT.BINANCE'}]",False,{}
2024-06-07 02:00:00+00:00,9712.54266834,0E-8,9712.54266834,USDT,BINANCE-001,MARGIN,,[],False,{}
2024-06-07 03:00:00+00:00,9695.84014670,4.99996758,9690.84017912,USDT,BINANCE-001,MARGIN,,"[{'type': 'MarginBalance', 'initial': '0E-8', 'maintenance': '4.99996758', 'currency': 'USDT', 'instrument_id': 'BTCUSDT.BINANCE'}]",False,{}
2024-06-07 03:00:00+00:00,9690.84013057,0E-8,9690.84013057,USDT,BINANCE-001,MARGIN,,[],False,{}
2024-06-07 13:00:00+00:00,9698.56870281,5.00001613,9693.56868668,USDT,BINANCE-001,MARGIN,,"[{'type': 'MarginBalance', 'initial': '0E-8', 'maintenance': '5.00001613', 'currency': 'USDT', 'instrument_id': 'BTCUSDT.BINANCE'}]",False,{}
2024-06-07 13:00:00+00:00,9693.56868488,0E-8,9693.56868488,USDT,BINANCE-001,MARGIN,,[],False,{}
2024-06-07 14:00:00+00:00,9709.46200282,5.00001793,9704.46198489,USDT,BINANCE-001,MARGIN,,"[{'type': 'MarginBalance', 'initial': '0E-8', 'maintenance': '5.00001793', 'currency': 'USDT', 'instrument_id': 'BTCUSDT.BINANCE'}]",False,{}
2024-06-07 14:00:00+00:00,9704.46202055,0E-8,9704.46202055,USDT,BINANCE-001,MARGIN,,[],False,{}
2024-06-07 16:00:00+00:00,9699.46133351,4.99998227,9694.46135124,USDT,BINANCE-001,MARGIN,,"[{'type': 'MarginBalance', 'initial': '0E-8', 'maintenance': '4.99998227', 'currency': 'USDT', 'instrument_id': 'BTCUSDT.BINANCE'}]",False,{}
2024-06-07 16:00:00+00:00,9694.46135195,0E-8,9694.46135195,USDT,BINANCE-001,MARGIN,,[],False,{}
2024-06-07 17:00:00+00:00,9765.01474252,4.99998156,9760.01476096,USDT,BINANCE-001,MARGIN,,"[{'type': 'MarginBalance', 'initial': '0E-8', 'maintenance': '4.99998156', 'currency': 'USDT', 'instrument_id': 'BTCUSDT.BINANCE'}]",False,{}
2024-06-07 17:00:00+00:00,9760.01471137,0E-8,9760.01471137,USDT,BINANCE-001,MARGIN,,[],False,{}
2024-06-07 23:00:00+00:00,9722.95724604,5.00003115,9717.95721489,USDT,BINANCE-001,MARGIN,,"[{'type': 'MarginBalance', 'initial': '0E-8', 'maintenance': '5.00003115', 'currency': 'USDT', 'instrument_id': 'BTCUSDT.BINANCE'}]",False,{}
2024-06-07 23:00:00+00:00,9717.95726212,0E-8,9717.95726212,USDT,BINANCE-001,MARGIN,,[],False,{}
2024-06-08 00:00:00+00:00,9717.88752897,4.99998392,9712.88754505,USDT,BINANCE-001,MARGIN,,"[{'type': 'MarginBalance', 'initial': '0E-8', 'maintenance': '4.99998392', 'currency': 'USDT', 'instrument_id': 'BTCUSDT.BINANCE'}]",False,{}
2024-06-08 00:00:00+00:00,9712.88755098,0E-8,9712.88755098,USDT,BINANCE-001,MARGIN,,[],False,{}
2024-06-08 08:00:00+00:00,9719.86258193,4.99997799,9714.86260394,USDT,BINANCE-001,MARGIN,,"[{'type': 'MarginBalance', 'initial': '0E-8', 'maintenance': '4.99997799', 'currency': 'USDT', 'instrument_id': 'BTCUSDT.BINANCE'}]",False,{}
2024-06-08 08:00:00+00:00,9714.86256293,0E-8,9714.86256293,USDT,BINANCE-001,MARGIN,,[],False,{}
2024-06-08 09:00:00+00:00,9710.59398329,5.00001900,9705.59396429,USDT,BINANCE-001,MARGIN,,"[{'type': 'MarginBalance', 'initial': '0E-8', 'maintenance': '5.00001900', 'currency': 'USDT', 'instrument_id': 'BTCUSDT.BINANCE'}]",False,{}
2024-06-08 09:00:00+00:00,9705.59400057,0E-8,9705.59400057,USDT,BINANCE-001,MARGIN,,[],False,{}
2024-06-08 14:00:00+00:00,9702.53034650,4.99998272,9697.53036378,USDT,BINANCE-001,MARGIN,,"[{'type': 'MarginBalance', 'initial': '0E-8', 'maintenance': '4.99998272', 'currency': 'USDT', 'instrument_id': 'BTCUSDT.BINANCE'}]",False,{}
2024-06-08 14:00:00+00:00,9697.53037067,0E-8,9697.53037067,USDT,BINANCE-001,MARGIN,,[],False,{}
2024-06-08 15:00:00+00:00,9705.35007734,4.99997583,9700.35010151,USDT,BINANCE-001,MARGIN,,"[{'type': 'MarginBalance', 'initial': '0E-8', 'maintenance': '4.99997583', 'currency': 'USDT', 'instrument_id': 'BTCUSDT.BINANCE'}]",False,{}
2024-06-08 15:00:00+00:00,9700.35008933,0E-8,9700.35008933,USDT,BINANCE-001,MARGIN,,[],False,{}
2024-06-08 16:00:00+00:00,9698.50674034,4.99998801,9693.50675233,USDT,BINANCE-001,MARGIN,,"[{'type': 'MarginBalance', 'initial': '0E-8', 'maintenance': '4.99998801', 'currency': 'USDT', 'instrument_id': 'BTCUSDT.BINANCE'}]",False,{}
2024-06-08 16:00:00+00:00,9693.50671265,0E-8,9693.50671265,USDT,BINANCE-001,MARGIN,,[],False,{}
2024-06-08 22:00:00+00:00,9689.08560957,5.00002769,9684.08558188,USDT,BINANCE-001,MARGIN,,"[{'type': 'MarginBalance', 'initial': '0E-8', 'maintenance': '5.00002769', 'currency': 'USDT', 'instrument_id': 'BTCUSDT.BINANCE'}]",False,{}
2024-06-08 22:00:00+00:00,9684.08560560,0E-8,9684.08560560,USDT,BINANCE-001,MARGIN,,[],False,{}
2024-06-09 00:00:00+00:00,9674.81382360,5.00000397,9669.81381963,USDT,BINANCE-001,MARGIN,,"[{'type': 'MarginBalance', 'initial': '0E-8', 'maintenance': '5.00000397', 'currency': 'USDT', 'instrument_id': 'BTCUSDT.BINANCE'}]",False,{}
2024-06-09 00:00:00+00:00,9669.81380103,0E-8,9669.81380103,USDT,BINANCE-001,MARGIN,,[],False,{}
2024-06-09 01:00:00+00:00,9662.69670160,5.00002257,9657.69667903,USDT,BINANCE-001,MARGIN,,"[{'type': 'MarginBalance', 'initial': '0E-8', 'maintenance': '5.00002257', 'currency': 'USDT', 'instrument_id': 'BTCUSDT.BINANCE'}]",False,{}
2024-06-09 01:00:00+00:00,9657.69671230,0E-8,9657.69671230,USDT,BINANCE-001,MARGIN,,[],False,{}
2024-06-09 03:00:00+00:00,9652.37092209,4.99998930,9647.37093279,USDT,BINANCE-001,MARGIN,,"[{'type': 'MarginBalance', 'initial': '0E-8', 'maintenance': '4.99998930', 'currency': 'USDT', 'instrument_id': 'BTCUSDT.BINANCE'}]",False,{}
2024-06-09 03:00:00+00:00,9647.37091245,0E-8,9647.37091245,USDT,BINANCE-001,MARGIN,,[],False,{}
2024-06-09 04:00:00+00:00,9635.32567084,5.00000964,9630.32566120,USDT,BINANCE-001,MARGIN,,"[{'type': 'MarginBalance', 'initial': '0E-8', 'maintenance': '5.00000964', 'currency': 'USDT', 'instrument_id': 'BTCUSDT.BINANCE'}]",False,{}
2024-06-09 04:00:00+00:00,9630.32570089,0E-8,9630.32570089,USDT,BINANCE-001,MARGIN,,[],False,{}
2024-06-09 08:00:00+00:00,9624.04587418,4.99996995,9619.04590423,USDT,BINANCE-001,MARGIN,,"[{'type': 'MarginBalance', 'initial': '0E-8', 'maintenance': '4.99996995', 'currency': 'USDT', 'instrument_id': 'BTCUSDT.BINANCE'}]",False,{}
2024-06-09 08:00:00+00:00,9619.04586728,0E-8,9619.04586728,USDT,BINANCE-001,MARGIN,,[],False,{}
2024-06-09 12:00:00+00:00,9600.64400567,5.00000690,9595.64399877,USDT,BINANCE-001,MARGIN,,"[{'type': 'MarginBalance', 'initial': '0E-8', 'maintenance': '5.00000690', 'currency': 'USDT', 'instrument_id': 'BTCUSDT.BINANCE'}]",False,{}
2024-06-09 12:00:00+00:00,9595.64403519,0E-8,9595.64403519,USDT,BINANCE-001,MARGIN,,[],False,{}
2024-06-09 16:00:00+00:00,9591.43396502,4.99997048,9586.43399454,USDT,BINANCE-001,MARGIN,,"[{'type': 'MarginBalance', 'initial': '0E-8', 'maintenance': '4.99997048', 'currency': 'USDT', 'instrument_id': 'BTCUSDT.BINANCE'}]",False,{}
2024-06-09 16:00:00+00:00,9586.43396912,0E-8,9586.43396912,USDT,BINANCE-001,MARGIN,,[],False,{}
2024-06-09 19:00:00+00:00,9568.48803371,4.99999590,9563.48803781,USDT,BINANCE-001,MARGIN,,"[{'type': 'MarginBalance', 'initial': '0E-8', 'maintenance': '4.99999590', 'currency': 'USDT', 'instrument_id': 'BTCUSDT.BINANCE'}]",False,{}
2024-06-09 19:00:00+00:00,9563.48800854,0E-8,9563.48800854,USDT,BINANCE-001,MARGIN,,[],False,{}
2024-06-09 20:00:00+00:00,9550.21020029,5.00002517,9545.21017512,USDT,BINANCE-001,MARGIN,,"[{'type': 'MarginBalance', 'initial': '0E-8', 'maintenance': '5.00002517', 'currency': 'USDT', 'instrument_id': 'BTCUSDT.BINANCE'}]",False,{}
2024-06-09 20:00:00+00:00,9545.21017470,0E-8,9545.21017470,USDT,BINANCE-001,MARGIN,,[],False,{}
2024-06-09 21:00:00+00:00,9539.21898178,5.00002559,9534.21895619,USDT,BINANCE-001,MARGIN,,"[{'type': 'MarginBalance', 'initial': '0E-8', 'maintenance': '5.00002559', 'currency': 'USDT', 'instrument_id': 'BTCUSDT.BINANCE'}]",False,{}
2024-06-09 21:00:00+00:00,9534.21901074,0E-8,9534.21901074,USDT,BINANCE-001,MARGIN,,[],False,{}
2024-06-09 23:00:00+00:00,9513.28706128,4.99997104,9508.28709024,USDT,BINANCE-001,MARGIN,,"[{'type': 'MarginBalance', 'initial': '0E-8', 'maintenance': '4.99997104', 'currency': 'USDT', 'instrument_id': 'BTCUSDT.BINANCE'}]",False,{}
2024-06-09 23:00:00+00:00,9508.28707019,0E-8,9508.28707019,USDT,BINANCE-001,MARGIN,,[],False,{}
2024-06-10 00:00:00+00:00,9493.62760346,4.99999109,9488.62761237,USDT,BINANCE-001,MARGIN,,"[{'type': 'MarginBalance', 'initial': '0E-8', 'maintenance': '4.99999109', 'currency': 'USDT', 'instrument_id': 'BTCUSDT.BINANCE'}]",False,{}
2024-06-10 00:00:00+00:00,9488.62763138,0E-8,9488.62763138,USDT,BINANCE-001,MARGIN,,[],False,{}
2024-06-10 03:00:00+00:00,9485.09828960,4.99997208,9480.09831752,USDT,BINANCE-001,MARGIN,,"[{'type': 'MarginBalance', 'initial': '0E-8', 'maintenance': '4.99997208', 'currency': 'USDT', 'instrument_id': 'BTCUSDT.BINANCE'}]",False,{}
2024-06-10 03:00:00+00:00,9480.09830661,0E-8,9480.09830661,USDT,BINANCE-001,MARGIN,,[],False,{}
2024-06-10 04:00:00+00:00,9468.34689319,4.99998299,9463.34691020,USDT,BINANCE-001,MARGIN,,"[{'type': 'MarginBalance', 'initial': '0E-8', 'maintenance': '4.99998299', 'currency': 'USDT', 'instrument_id': 'BTCUSDT.BINANCE'}]",False,{}
2024-06-10 04:00:00+00:00,9463.34692392,0E-8,9463.34692392,USDT,BINANCE-001,MARGIN,,[],False,{}
2024-06-10 07:00:00+00:00,9444.01320846,4.99996927,9439.01323919,USDT,BINANCE-001,MARGIN,,"[{'type': 'MarginBalance', 'initial': '0E-8', 'maintenance': '4.99996927', 'currency': 'USDT', 'instrument_id': 'BTCUSDT.BINANCE'}]",False,{}
2024-06-10 07:00:00+00:00,9439.01320609,0E-8,9439.01320609,USDT,BINANCE-001,MARGIN,,[],False,{}
2024-06-10 10:00:00+00:00,9443.90947163,5.00000237,9438.90946926,USDT,BINANCE-001,MARGIN,,"[{'type': 'MarginBalance', 'initial': '0E-8', 'maintenance': '5.00000237', 'currency': 'USDT', 'instrument_id': 'BTCUSDT.BINANCE'}]",False,{}
2024-06-10 10:00:00+00:00,9438.90944044,0E-8,9438.90944044,USDT,BINANCE-001,MARGIN,,[],False,{}
2024-06-10 17:00:00+00:00,9444.98842363,5.00003119,9439.98839244,USDT,BINANCE-001,MARGIN,,"[{'type': 'MarginBalance', 'initial': '0E-8', 'maintenance': '5.00003119', 'currency': 'USDT', 'instrument_id': 'BTCUSDT.BINANCE'}]",False,{}
2024-06-10 17:00:00+00:00,9439.98842087,0E-8,9439.98842087,USDT,BINANCE-001,MARGIN,,[],False,{}
2024-06-10 20:00:00+00:00,9432.16579943,5.00000276,9427.16579667,USDT,BINANCE-001,MARGIN,,"[{'type': 'MarginBalance', 'initial': '0E-8', 'maintenance': '5.00000276', 'currency': 'USDT', 'instrument_id': 'BTCUSDT.BINANCE'}]",False,{}
2024-06-10 20:00:00+00:00,9427.16582760,0E-8,9427.16582760,USDT,BINANCE-001,MARGIN,,[],False,{}
2024-06-11 01:00:00+00:00,9345.58538690,4.99997183,9340.58541507,USDT,BINANCE-001,MARGIN,,"[{'type': 'MarginBalance', 'initial': '0E-8', 'maintenance': '4.99997183', 'currency': 'USDT', 'instrument_id': 'BTCUSDT.BINANCE'}]",False,{}
2024-06-11 01:00:00+00:00,9340.58539252,0E-8,9340.58539252,USDT,BINANCE-001,MARGIN,,[],False,{}
2024-06-11 02:00:00+00:00,9367.74897866,4.99999438,9362.74898428,USDT,BINANCE-001,MARGIN,,"[{'type': 'MarginBalance', 'initial': '0E-8', 'maintenance': '4.99999438', 'currency': 'USDT', 'instrument_id': 'BTCUSDT.BINANCE'}]",False,{}
2024-06-11 02:00:00+00:00,9362.74900838,0E-8,9362.74900838,USDT,BINANCE-001,MARGIN,,[],False,{}
2024-06-11 04:00:00+00:00,9330.80041270,4.99997028,9325.80044242,USDT,BINANCE-001,MARGIN,,"[{'type': 'MarginBalance', 'initial': '0E-8', 'maintenance': '4.99997028', 'currency': 'USDT', 'instrument_id': 'BTCUSDT.BINANCE'}]",False,{}
2024-06-11 04:00:00+00:00,9325.80042287,0E-8,9325.80042287,USDT,BINANCE-001,MARGIN,,[],False,{}
2024-06-11 06:00:00+00:00,9318.21349575,4.99998983,9313.21350592,USDT,BINANCE-001,MARGIN,,"[{'type': 'MarginBalance', 'initial': '0E-8', 'maintenance': '4.99998983', 'currency': 'USDT', 'instrument_id': 'BTCUSDT.BINANCE'}]",False,{}
2024-06-11 06:00:00+00:00,9313.21349386,0E-8,9313.21349386,USDT,BINANCE-001,MARGIN,,[],False,{}
2024-06-11 21:00:00+00:00,9300.55555166,5.00000189,9295.55554977,USDT,BINANCE-001,MARGIN,,"[{'type': 'MarginBalance', 'initial': '0E-8', 'maintenance': '5.00000189', 'currency': 'USDT', 'instrument_id': 'BTCUSDT.BINANCE'}]",False,{}
2024-06-11 21:00:00+00:00,9295.55557791,0E-8,9295.55557791,USDT,BINANCE-001,MARGIN,,[],False,{}
2024-06-12 02:00:00+00:00,9287.84015483,4.99997375,9282.84018108,USDT,BINANCE-001,MARGIN,,"[{'type': 'MarginBalance', 'initial': '0E-8', 'maintenance': '4.99997375', 'currency': 'USDT', 'instrument_id': 'BTCUSDT.BINANCE'}]",False,{}
2024-06-12 02:00:00+00:00,9282.84017334,0E-8,9282.84017334,USDT,BINANCE-001,MARGIN,,[],False,{}
2024-06-12 07:00:00+00:00,9265.19040368,4.99998149,9260.19042219,USDT,BINANCE-001,MARGIN,,"[{'type': 'MarginBalance', 'initial': '0E-8', 'maintenance': '4.99998149', 'currency': 'USDT', 'instrument_id': 'BTCUSDT.BINANCE'}]",False,{}
2024-06-12 07:00:00+00:00,9260.19040336,0E-8,9260.19040336,USDT,BINANCE-001,MARGIN,,[],False,{}
2024-06-12 11:00:00+00:00,9234.23879611,5.00000032,9229.23879579,USDT,BINANCE-001,MARGIN,,"[{'type': 'MarginBalance', 'initial': '0E-8', 'maintenance': '5.00000032', 'currency': 'USDT', 'instrument_id': 'BTCUSDT.BINANCE'}]",False,{}
2024-06-12 11:00:00+00:00,9229.23879553,0E-8,9229.23879553,USDT,BINANCE-001,MARGIN,,[],False,{}
2024-06-12 17:00:00+00:00,9376.44192531,5.00000058,9371.44192473,USDT,BINANCE-001,MARGIN,,"[{'type': 'MarginBalance', 'initial': '0E-8', 'maintenance': '5.00000058', 'currency': 'USDT', 'instrument_id': 'BTCUSDT.BINANCE'}]",False,{}
2024-06-12 17:00:00+00:00,9371.44194263,0E-8,9371.44194263,USDT,BINANCE-001,MARGIN,,[],False,{}
2024-06-12 18:00:00+00:00,9473.13773680,4.99998268,9468.13775412,USDT,BINANCE-001,MARGIN,,"[{'type': 'MarginBalance', 'initial': '0E-8', 'maintenance': '4.99998268', 'currency': 'USDT', 'instrument_id': 'BTCUSDT.BINANCE'}]",False,{}
2024-06-12 18:00:00+00:00,9468.13770827,0E-8,9468.13770827,USDT,BINANCE-001,MARGIN,,[],False,{}
2024-06-13 04:00:00+00:00,9405.12216985,5.00002853,9400.12214132,USDT,BINANCE-001,MARGIN,,"[{'type': 'MarginBalance', 'initial': '0E-8', 'maintenance': '5.00002853', 'currency': 'USDT', 'instrument_id': 'BTCUSDT.BINANCE'}]",False,{}
2024-06-13 04:00:00+00:00,9400.12214893,0E-8,9400.12214893,USDT,BINANCE-001,MARGIN,,[],False,{}
2024-06-13 08:00:00+00:00,9361.57028821,5.00002092,9356.57026729,USDT,BINANCE-001,MARGIN,,"[{'type': 'MarginBalance', 'initial': '0E-8', 'maintenance': '5.00002092', 'currency': 'USDT', 'instrument_id': 'BTCUSDT.BINANCE'}]",False,{}
2024-06-13 08:00:00+00:00,9356.57025877,0E-8,9356.57025877,USDT,BINANCE-001,MARGIN,,[],False,{}
2024-06-13 12:00:00+00:00,9318.52660238,5.00002944,9313.52657294,USDT,BINANCE-001,MARGIN,,"[{'type': 'MarginBalance', 'initial': '0E-8', 'maintenance': '5.00002944', 'currency': 'USDT', 'instrument_id': 'BTCUSDT.BINANCE'}]",False,{}
2024-06-13 12:00:00+00:00,9313.52663160,0E-8,9313.52663160,USDT,BINANCE-001,MARGIN,,[],False,{}
2024-06-13 13:00:00+00:00,9336.06745160,4.99997078,9331.06748082,USDT,BINANCE-001,MARGIN,,"[{'type': 'MarginBalance', 'initial': '0E-8', 'maintenance': '4.99997078', 'currency': 'USDT', 'instrument_id': 'BTCUSDT.BINANCE'}]",False,{}
2024-06-13 13:00:00+00:00,9331.06746260,0E-8,9331.06746260,USDT,BINANCE-001,MARGIN,,[],False,{}
2024-06-13 20:00:00+00:00,9307.17280258,4.99998900,9302.17281358,USDT,BINANCE-001,MARGIN,,"[{'type': 'MarginBalance', 'initial': '0E-8', 'maintenance': '4.99998900', 'currency': 'USDT', 'instrument_id': 'BTCUSDT.BINANCE'}]",False,{}
2024-06-13 20:00:00+00:00,9302.17279560,0E-8,9302.17279560,USDT,BINANCE-001,MARGIN,,[],False,{}
2024-06-13 23:00:00+00:00,9318.97393075,5.00000698,9313.97392377,USDT,BINANCE-001,MARGIN,,"[{'type': 'MarginBalance', 'initial': '0E-8', 'maintenance': '5.00000698', 'currency': 'USDT', 'instrument_id': 'BTCUSDT.BINANCE'}]",False,{}
2024-06-13 23:00:00+00:00,9313.97392343,0E-8,9313.97392343,USDT,BINANCE-001,MARGIN,,[],False,{}
2024-06-14 04:00:00+00:00,9316.71039309,5.00000732,9311.71038577,USDT,BINANCE-001,MARGIN,,"[{'type': 'MarginBalance', 'initial': '0E-8', 'maintenance': '5.00000732', 'currency': 'USDT', 'instrument_id': 'BTCUSDT.BINANCE'}]",False,{}
2024-06-14 04:00:00+00:00,9311.71037965,0E-8,9311.71037965,USDT,BINANCE-001,MARGIN,,[],False,{}
2024-06-14 05:00:00+00:00,9291.91315590,5.00001344,9286.91314246,USDT,BINANCE-001,MARGIN,,"[{'type': 'MarginBalance', 'initial': '0E-8', 'maintenance': '5.00001344', 'currency': 'USDT', 'instrument_id': 'BTCUSDT.BINANCE'}]",False,{}
2024-06-14 05:00:00+00:00,9286.91314603,0E-8,9286.91314603,USDT,BINANCE-001,MARGIN,,[],False,{}
2024-06-14 18:00:00+00:00,9196.90947310,5.00000987,9191.90946323,USDT,BINANCE-001,MARGIN,,"[{'type': 'MarginBalance', 'initial': '0E-8', 'maintenance': '5.00000987', 'currency': 'USDT', 'instrument_id': 'BTCUSDT.BINANCE'}]",False,{}
2024-06-14 18:00:00+00:00,9191.90945025,0E-8,9191.90945025,USDT,BINANCE-001,MARGIN,,[],False,{}
2024-06-14 19:00:00+00:00,9205.66045222,5.00002285,9200.66042937,USDT,BINANCE-001,MARGIN,,"[{'type': 'MarginBalance', 'initial': '0E-8', 'maintenance': '5.00002285', 'currency': 'USDT', 'instrument_id': 'BTCUSDT.BINANCE'}]",False,{}
2024-06-14 19:00:00+00:00,9200.66042293,0E-8,9200.66042293,USDT,BINANCE-001,MARGIN,,[],False,{}
2024-06-15 04:00:00+00:00,9264.01725668,5.00002929,9259.01722739,USDT,BINANCE-001,MARGIN,,"[{'type': 'MarginBalance', 'initial': '0E-8', 'maintenance': '5.00002929', 'currency': 'USDT', 'instrument_id': 'BTCUSDT.BINANCE'}]",False,{}
2024-06-15 04:00:00+00:00,9259.01727768,0E-8,9259.01727768,USDT,BINANCE-001,MARGIN,,[],False,{}
2024-06-15 05:00:00+00:00,9267.94633869,4.99997900,9262.94635969,USDT,BINANCE-001,MARGIN,,"[{'type': 'MarginBalance', 'initial': '0E-8', 'maintenance': '4.99997900', 'currency': 'USDT', 'instrument_id': 'BTCUSDT.BINANCE'}]",False,{}
2024-06-15 05:00:00+00:00,9262.94636613,0E-8,9262.94636613,USDT,BINANCE-001,MARGIN,,[],False,{}
2024-06-15 22:00:00+00:00,9255.54664029,4.99997256,9250.54666773,USDT,BINANCE-001,MARGIN,,"[{'type': 'MarginBalance', 'initial': '0E-8', 'maintenance': '4.99997256', 'currency': 'USDT', 'instrument_id': 'BTCUSDT.BINANCE'}]",False,{}
2024-06-15 22:00:00+00:00,9250.54662049,0E-8,9250.54662049,USDT,BINANCE-001,MARGIN,,[],False,{}
2024-06-16 00:00:00+00:00,9246.88782503,5.00001980,9241.88780523,USDT,BINANCE-001,MARGIN,,"[{'type': 'MarginBalance', 'initial': '0E-8', 'maintenance': '5.00001980', 'currency': 'USDT', 'instrument_id': 'BTCUSDT.BINANCE'}]",False,{}
2024-06-16 00:00:00+00:00,9241.88782147,0E-8,9241.88782147,USDT,BINANCE-001,MARGIN,,[],False,{}
2024-06-16 04:00:00+00:00,9246.68049818,5.00000356,9241.68049462,USDT,BINANCE-001,MARGIN,,"[{'type': 'MarginBalance', 'initial': '0E-8', 'maintenance': '5.00000356', 'currency': 'USDT', 'instrument_id': 'BTCUSDT.BINANCE'}]",False,{}
2024-06-16 04:00:00+00:00,9241.68050631,0E-8,9241.68050631,USDT,BINANCE-001,MARGIN,,[],False,{}
2024-06-16 06:00:00+00:00,9236.68051444,4.99999187,9231.68052257,USDT,BINANCE-001,MARGIN,,"[{'type': 'MarginBalance', 'initial': '0E-8', 'maintenance': '4.99999187', 'currency': 'USDT', 'instrument_id': 'BTCUSDT.BINANCE'}]",False,{}
2024-06-16 06:00:00+00:00,9231.68052257,0E-8,9231.68052257,USDT,BINANCE-001,MARGIN,,[],False,{}
2024-06-16 08:00:00+00:00,9223.70516954,4.99999187,9218.70517767,USDT,BINANCE-001,MARGIN,,"[{'type': 'MarginBalance', 'initial': '0E-8', 'maintenance': '4.99999187', 'currency': 'USDT', 'instrument_id': 'BTCUSDT.BINANCE'}]",False,{}
2024-06-16 08:00:00+00:00,9218.70517375,0E-8,9218.70517375,USDT,BINANCE-001,MARGIN,,[],False,{}
2024-06-16 09:00:00+00:00,9206.15605422,4.99999579,9201.15605843,USDT,BINANCE-001,MARGIN,,"[{'type': 'MarginBalance', 'initial': '0E-8', 'maintenance': '4.99999579', 'currency': 'USDT', 'instrument_id': 'BTCUSDT.BINANCE'}]",False,{}
2024-06-16 09:00:00+00:00,9201.15608331,0E-8,9201.15608331,USDT,BINANCE-001,MARGIN,,[],False,{}
2024-06-16 12:00:00+00:00,9210.26899535,4.99997091,9205.26902444,USDT,BINANCE-001,MARGIN,,"[{'type': 'MarginBalance', 'initial': '0E-8', 'maintenance': '4.99997091', 'currency': 'USDT', 'instrument_id': 'BTCUSDT.BINANCE'}]",False,{}
2024-06-16 12:00:00+00:00,9205.26900815,0E-8,9205.26900815,USDT,BINANCE-001,MARGIN,,[],False,{}
2024-06-16 13:00:00+00:00,9204.47994767,4.99998720,9199.47996047,USDT,BINANCE-001,MARGIN,,"[{'type': 'MarginBalance', 'initial': '0E-8', 'maintenance': '4.99998720', 'currency': 'USDT', 'instrument_id': 'BTCUSDT.BINANCE'}]",False,{}
2024-06-16 13:00:00+00:00,9199.47997744,0E-8,9199.47997744,USDT,BINANCE-001,MARGIN,,[],False,{}
2024-06-16 19:00:00+00:00,9198.87531666,4.99997023,9193.87534643,USDT,BINANCE-001,MARGIN,,"[{'type': 'MarginBalance', 'initial': '0E-8', 'maintenance': '4.99997023', 'currency': 'USDT', 'instrument_id': 'BTCUSDT.BINANCE'}]",False,{}
2024-06-16 19:00:00+00:00,9193.87533985,0E-8,9193.87533985,USDT,BINANCE-001,MARGIN,,[],False,{}
2024-06-16 23:00:00+00:00,9189.86413937,4.99997681,9184.86416256,USDT,BINANCE-001,MARGIN,,"[{'type': 'MarginBalance', 'initial': '0E-8', 'maintenance': '4.99997681', 'currency': 'USDT', 'instrument_id': 'BTCUSDT.BINANCE'}]",False,{}
2024-06-16 23:00:00+00:00,9184.86415210,0E-8,9184.86415210,USDT,BINANCE-001,MARGIN,,[],False,{}
2024-06-17 04:00:00+00:00,9148.56770258,4.99998727,9143.56771531,USDT,BINANCE-001,MARGIN,,"[{'type': 'MarginBalance', 'initial': '0E-8', 'maintenance': '4.99998727', 'currency': 'USDT', 'instrument_id': 'BTCUSDT.BINANCE'}]",False,{}
2024-06-17 04:00:00+00:00,9143.56769635,0E-8,9143.56769635,USDT,BINANCE-001,MARGIN,,[],False,{}
2024-06-17 05:00:00+00:00,9135.57069852,5.00000623,9130.57069229,USDT,BINANCE-001,MARGIN,,"[{'type': 'MarginBalance', 'initial': '0E-8', 'maintenance': '5.00000623', 'currency': 'USDT', 'instrument_id': 'BTCUSDT.BINANCE'}]",False,{}
2024-06-17 05:00:00+00:00,9130.57067603,0E-8,9130.57067603,USDT,BINANCE-001,MARGIN,,[],False,{}
2024-06-17 10:00:00+00:00,9084.31710627,5.00002249,9079.31708378,USDT,BINANCE-001,MARGIN,,"[{'type': 'MarginBalance', 'initial': '0E-8', 'maintenance': '5.00002249', 'currency': 'USDT', 'instrument_id': 'BTCUSDT.BINANCE'}]",False,{}
2024-06-17 10:00:00+00:00,9079.31710019,0E-8,9079.31710019,USDT,BINANCE-001,MARGIN,,[],False,{}
2024-06-17 11:00:00+00:00,9083.88773829,5.00000608,9078.88773221,USDT,BINANCE-001,MARGIN,,"[{'type': 'MarginBalance', 'initial': '0E-8', 'maintenance': '5.00000608', 'currency': 'USDT', 'instrument_id': 'BTCUSDT.BINANCE'}]",False,{}
2024-06-17 11:00:00+00:00,9078.88773029,0E-8,9078.88773029,USDT,BINANCE-001,MARGIN,,[],False,{}
2024-06-17 16:00:00+00:00,9104.23906856,5.00000800,9099.23906056,USDT,BINANCE-001,MARGIN,,"[{'type': 'MarginBalance', 'initial': '0E-8', 'maintenance': '5.00000800', 'currency': 'USDT', 'instrument_id': 'BTCUSDT.BINANCE'}]",False,{}
2024-06-17 16:00:00+00:00,9099.23905781,0E-8,9099.23905781,USDT,BINANCE-001,MARGIN,,[],False,{}
2024-06-17 18:00:00+00:00,9028.41242370,5.00001075,9023.41241295,USDT,BINANCE-001,MARGIN,,"[{'type': 'MarginBalance', 'initial': '0E-8', 'maintenance': '5.00001075', 'currency': 'USDT', 'instrument_id': 'BTCUSDT.BINANCE'}]",False,{}
2024-06-17 18:00:00+00:00,9023.41241532,0E-8,9023.41241532,USDT,BINANCE-001,MARGIN,,[],False,{}
2024-06-17 22:00:00+00:00,8942.49601852,5.00000838,8937.49601014,USDT,BINANCE-001,MARGIN,,"[{'type': 'MarginBalance', 'initial': '0E-8', 'maintenance': '5.00000838', 'currency': 'USDT', 'instrument_id': 'BTCUSDT.BINANCE'}]",False,{}
2024-06-17 22:00:00+00:00,8937.49599554,0E-8,8937.49599554,USDT,BINANCE-001,MARGIN,,[],False,{}
2024-06-18 01:00:00+00:00,8945.80362864,5.00002298,8940.80360566,USDT,BINANCE-001,MARGIN,,"[{'type': 'MarginBalance', 'initial': '0E-8', 'maintenance': '5.00002298', 'currency': 'USDT', 'instrument_id': 'BTCUSDT.BINANCE'}]",False,{}
2024-06-18 01:00:00+00:00,8940.80365384,0E-8,8940.80365384,USDT,BINANCE-001,MARGIN,,[],False,{}
2024-06-18 03:00:00+00:00,8937.39186007,4.99997480,8932.39188527,USDT,BINANCE-001,MARGIN,,"[{'type': 'MarginBalance', 'initial': '0E-8', 'maintenance': '4.99997480', 'currency': 'USDT', 'instrument_id': 'BTCUSDT.BINANCE'}]",False,{}
2024-06-18 03:00:00+00:00,8932.39186980,0E-8,8932.39186980,USDT,BINANCE-001,MARGIN,,[],False,{}
2024-06-18 06:00:00+00:00,8917.35611107,4.99999027,8912.35612080,USDT,BINANCE-001,MARGIN,,"[{'type': 'MarginBalance', 'initial': '0E-8', 'maintenance': '4.99999027', 'currency': 'USDT', 'instrument_id': 'BTCUSDT.BINANCE'}]",False,{}
2024-06-18 06:00:00+00:00,8912.35608565,0E-8,8912.35608565,USDT,BINANCE-001,MARGIN,,[],False,{}
2024-06-18 19:00:00+00:00,8789.60492955,5.00002542,8784.60490413,USDT,BINANCE-001,MARGIN,,"[{'type': 'MarginBalance', 'initial': '0E-8', 'maintenance': '5.00002542', 'currency': 'USDT', 'instrument_id': 'BTCUSDT.BINANCE'}]",False,{}
2024-06-18 19:00:00+00:00,8784.60494214,0E-8,8784.60494214,USDT,BINANCE-001,MARGIN,,[],False,{}
2024-06-18 21:00:00+00:00,8693.67306256,4.99998741,8688.67307515,USDT,BINANCE-001,MARGIN,,"[{'type': 'MarginBalance', 'initial': '0E-8', 'maintenance': '4.99998741', 'currency': 'USDT', 'instrument_id': 'BTCUSDT.BINANCE'}]",False,{}
2024-06-18 21:00:00+00:00,8688.67307229,0E-8,8688.67307229,USDT,BINANCE-001,MARGIN,,[],False,{}
2024-06-19 06:00:00+00:00,8674.34267135,4.99999027,8669.34268108,USDT,BINANCE-001,MARGIN,,"[{'type': 'MarginBalance', 'initial': '0E-8', 'maintenance': '4.99999027', 'currency': 'USDT', 'instrument_id': 'BTCUSDT.BINANCE'}]",False,{}
2024-06-19 06:00:00+00:00,8669.34270323,0E-8,8669.34270323,USDT,BINANCE-001,MARGIN,,[],False,{}
2024-06-19 08:00:00+00:00,8636.54036531,4.99996812,8631.54039719,USDT,BINANCE-001,MARGIN,,"[{'type': 'MarginBalance', 'initial': '0E-8', 'maintenance': '4.99996812', 'currency': 'USDT', 'instrument_id': 'BTCUSDT.BINANCE'}]",False,{}
2024-06-19 08:00:00+00:00,8631.54033755,0E-8,8631.54033755,USDT,BINANCE-001,MARGIN,,[],False,{}
2024-06-19 10:00:00+00:00,8610.53213025,5.00002776,8605.53210249,USDT,BINANCE-001,MARGIN,,"[{'type': 'MarginBalance', 'initial': '0E-8', 'maintenance': '5.00002776', 'currency': 'USDT', 'instrument_id': 'BTCUSDT.BINANCE'}]",False,{}
2024-06-19 10:00:00+00:00,8605.53212574,0E-8,8605.53212574,USDT,BINANCE-001,MARGIN,,[],False,{}
2024-06-19 14:00:00+00:00,8630.24793744,5.00000451,8625.24793293,USDT,BINANCE-001,MARGIN,,"[{'type': 'MarginBalance', 'initial': '0E-8', 'maintenance': '5.00000451', 'currency': 'USDT', 'instrument_id': 'BTCUSDT.BINANCE'}]",False,{}
2024-06-19 14:00:00+00:00,8625.24794959,0E-8,8625.24794959,USDT,BINANCE-001,MARGIN,,[],False,{}
2024-06-20 02:00:00+00:00,8649.77291348,4.99998785,8644.77292563,USDT,BINANCE-001,MARGIN,,"[{'type': 'MarginBalance', 'initial': '0E-8', 'maintenance': '4.99998785', 'currency': 'USDT', 'instrument_id': 'BTCUSDT.BINANCE'}]",False,{}
2024-06-20 02:00:00+00:00,8644.77288944,0E-8,8644.77288944,USDT,BINANCE-001,MARGIN,,[],False,{}
2024-06-20 03:00:00+00:00,8657.79082666,5.00002404,8652.79080262,USDT,BINANCE-001,MARGIN,,"[{'type': 'MarginBalance', 'initial': '0E-8', 'maintenance': '5.00002404', 'currency': 'USDT', 'instrument_id': 'BTCUSDT.BINANCE'}]",False,{}
2024-06-20 03:00:00+00:00,8652.79084301,0E-8,8652.79084301,USDT,BINANCE-001,MARGIN,,[],False,{}
2024-06-20 05:00:00+00:00,8671.97784867,4.99998365,8666.97786502,USDT,BINANCE-001,MARGIN,,"[{'type': 'MarginBalance', 'initial': '0E-8', 'maintenance': '4.99998365', 'currency': 'USDT', 'instrument_id': 'BTCUSDT.BINANCE'}]",False,{}
2024-06-20 05:00:00+00:00,8666.97784664,0E-8,8666.97784664,USDT,BINANCE-001,MARGIN,,[],False,{}
2024-06-20 08:00:00+00:00,8638.65979838,5.00000203,8633.65979635,USDT,BINANCE-001,MARGIN,,"[{'type': 'MarginBalance', 'initial': '0E-8', 'maintenance': '5.00000203', 'currency': 'USDT', 'instrument_id': 'BTCUSDT.BINANCE'}]",False,{}
2024-06-20 08:00:00+00:00,8633.65982177,0E-8,8633.65982177,USDT,BINANCE-001,MARGIN,,[],False,{}
2024-06-20 10:00:00+00:00,8668.11286269,4.99997661,8663.11288608,USDT,BINANCE-001,MARGIN,,"[{'type': 'MarginBalance', 'initial': '0E-8', 'maintenance': '4.99997661', 'currency': 'USDT', 'instrument_id': 'BTCUSDT.BINANCE'}]",False,{}
2024-06-20 10:00:00+00:00,8663.11285442,0E-8,8663.11285442,USDT,BINANCE-001,MARGIN,,[],False,{}
2024-06-20 11:00:00+00:00,8684.16312839,5.00000827,8679.16312012,USDT,BINANCE-001,MARGIN,,"[{'type': 'MarginBalance', 'initial': '0E-8', 'maintenance': '5.00000827', 'currency': 'USDT', 'instrument_id': 'BTCUSDT.BINANCE'}]",False,{}
2024-06-20 11:00:00+00:00,8679.16312775,0E-8,8679.16312775,USDT,BINANCE-001,MARGIN,,[],False,{}
2024-06-21 05:00:00+00:00,8548.02709216,5.00000064,8543.02709152,USDT,BINANCE-001,MARGIN,,"[{'type': 'MarginBalance', 'initial': '0E-8', 'maintenance': '5.00000064', 'currency': 'USDT', 'instrument_id': 'BTCUSDT.BINANCE'}]",False,{}
2024-06-21 05:00:00+00:00,8543.02706922,0E-8,8543.02706922,USDT,BINANCE-001,MARGIN,,[],False,{}
2024-06-21 08:00:00+00:00,8561.85175398,5.00002294,8556.85173104,USDT,BINANCE-001,MARGIN,,"[{'type': 'MarginBalance', 'initial': '0E-8', 'maintenance': '5.00002294', 'currency': 'USDT', 'instrument_id': 'BTCUSDT.BINANCE'}]",False,{}
2024-06-21 08:00:00+00:00,8556.85176262,0E-8,8556.85176262,USDT,BINANCE-001,MARGIN,,[],False,{}
2024-06-22 04:00:00+00:00,8580.13268808,4.99999136,8575.13269672,USDT,BINANCE-001,MARGIN,,"[{'type': 'MarginBalance', 'initial': '0E-8', 'maintenance': '4.99999136', 'currency': 'USDT', 'instrument_id': 'BTCUSDT.BINANCE'}]",False,{}
2024-06-22 04:00:00+00:00,8575.13266092,0E-8,8575.13266092,USDT,BINANCE-001,MARGIN,,[],False,{}
2024-06-22 06:00:00+00:00,8567.68923036,5.00002716,8562.68920320,USDT,BINANCE-001,MARGIN,,"[{'type': 'MarginBalance', 'initial': '0E-8', 'maintenance': '5.00002716', 'currency': 'USDT', 'instrument_id': 'BTCUSDT.BINANCE'}]",False,{}
2024-06-22 06:00:00+00:00,8562.68920523,0E-8,8562.68920523,USDT,BINANCE-001,MARGIN,,[],False,{}
2024-06-22 08:00:00+00:00,8557.68840314,5.00002513,8552.68837801,USDT,BINANCE-001,MARGIN,,"[{'type': 'MarginBalance', 'initial': '0E-8', 'maintenance': '5.00002513', 'currency': 'USDT', 'instrument_id': 'BTCUSDT.BINANCE'}]",False,{}
2024-06-22 08:00:00+00:00,8552.68837879,0E-8,8552.68837879,USDT,BINANCE-001,MARGIN,,[],False,{}
2024-06-22 09:00:00+00:00,8548.40069817,5.00002435,8543.40067382,USDT,BINANCE-001,MARGIN,,"[{'type': 'MarginBalance', 'initial': '0E-8', 'maintenance': '5.00002435', 'currency': 'USDT', 'instrument_id': 'BTCUSDT.BINANCE'}]",False,{}
2024-06-22 09:00:00+00:00,8543.40067837,0E-8,8543.40067837,USDT,BINANCE-001,MARGIN,,[],False,{}
2024-06-23 07:00:00+00:00,8550.62244935,5.00001980,8545.62242955,USDT,BINANCE-001,MARGIN,,"[{'type': 'MarginBalance', 'initial': '0E-8', 'maintenance': '5.00001980', 'currency': 'USDT', 'instrument_id': 'BTCUSDT.BINANCE'}]",False,{}
2024-06-23 07:00:00+00:00,8545.62243861,0E-8,8545.62243861,USDT,BINANCE-001,MARGIN,,[],False,{}
2024-06-23 08:00:00+00:00,8542.05704070,5.00001074,8537.05702996,USDT,BINANCE-001,MARGIN,,"[{'type': 'MarginBalance', 'initial': '0E-8', 'maintenance': '5.00001074', 'currency': 'USDT', 'instrument_id': 'BTCUSDT.BINANCE'}]",False,{}
2024-06-23 08:00:00+00:00,8537.05704592,0E-8,8537.05704592,USDT,BINANCE-001,MARGIN,,[],False,{}
2024-06-24 04:00:00+00:00,8375.90746626,4.99999478,8370.90747148,USDT,BINANCE-001,MARGIN,,"[{'type': 'MarginBalance', 'initial': '0E-8', 'maintenance': '4.99999478', 'currency': 'USDT', 'instrument_id': 'BTCUSDT.BINANCE'}]",False,{}
2024-06-24 04:00:00+00:00,8370.90745285,0E-8,8370.90745285,USDT,BINANCE-001,MARGIN,,[],False,{}
2024-06-24 08:00:00+00:00,8513.31813765,5.00001341,8508.31812424,USDT,BINANCE-001,MARGIN,,"[{'type': 'MarginBalance', 'initial': '0E-8', 'maintenance': '5.00001341', 'currency': 'USDT', 'instrument_id': 'BTCUSDT.BINANCE'}]",False,{}
2024-06-24 08:00:00+00:00,8508.31814927,0E-8,8508.31814927,USDT,BINANCE-001,MARGIN,,[],False,{}
2024-06-24 17:00:00+00:00,8399.38148124,4.99998838,8394.38149286,USDT,BINANCE-001,MARGIN,,"[{'type': 'MarginBalance', 'initial': '0E-8', 'maintenance': '4.99998838', 'currency': 'USDT', 'instrument_id': 'BTCUSDT.BINANCE'}]",False,{}
2024-06-24 17:00:00+00:00,8394.38150960,0E-8,8394.38150960,USDT,BINANCE-001,MARGIN,,[],False,{}
2024-06-24 20:00:00+00:00,8307.48905756,4.99997164,8302.48908592,USDT,BINANCE-001,MARGIN,,"[{'type': 'MarginBalance', 'initial': '0E-8', 'maintenance': '4.99997164', 'currency': 'USDT', 'instrument_id': 'BTCUSDT.BINANCE'}]",False,{}
2024-06-24 20:00:00+00:00,8302.48907129,0E-8,8302.48907129,USDT,BINANCE-001,MARGIN,,[],False,{}
2024-06-24 23:00:00+00:00,8315.29638539,4.99998627,8310.29639912,USDT,BINANCE-001,MARGIN,,"[{'type': 'MarginBalance', 'initial': '0E-8', 'maintenance': '4.99998627', 'currency': 'USDT', 'instrument_id': 'BTCUSDT.BINANCE'}]",False,{}
2024-06-24 23:00:00+00:00,8310.29635864,0E-8,8310.29635864,USDT,BINANCE-001,MARGIN,,[],False,{}
2024-06-25 00:00:00+00:00,8290.07159180,5.00002675,8285.07156505,USDT,BINANCE-001,MARGIN,,"[{'type': 'MarginBalance', 'initial': '0E-8', 'maintenance': '5.00002675', 'currency': 'USDT', 'instrument_id': 'BTCUSDT.BINANCE'}]",False,{}
2024-06-25 00:00:00+00:00,8285.07158520,0E-8,8285.07158520,USDT,BINANCE-001,MARGIN,,[],False,{}
2024-06-25 01:00:00+00:00,8258.33759029,5.00000660,8253.33758369,USDT,BINANCE-001,MARGIN,,"[{'type': 'MarginBalance', 'initial': '0E-8', 'maintenance': '5.00000660', 'currency': 'USDT', 'instrument_id': 'BTCUSDT.BINANCE'}]",False,{}
2024-06-25 01:00:00+00:00,8253.33759111,0E-8,8253.33759111,USDT,BINANCE-001,MARGIN,,[],False,{}
2024-06-25 02:00:00+00:00,8226.46495349,4.99999918,8221.46495431,USDT,BINANCE-001,MARGIN,,"[{'type': 'MarginBalance', 'initial': '0E-8', 'maintenance': '4.99999918', 'currency': 'USDT', 'instrument_id': 'BTCUSDT.BINANCE'}]",False,{}
2024-06-25 02:00:00+00:00,8221.46494689,0E-8,8221.46494689,USDT,BINANCE-001,MARGIN,,[],False,{}
2024-06-25 18:00:00+00:00,8332.00140946,5.00000660,8327.00140286,USDT,BINANCE-001,MARGIN,,"[{'type': 'MarginBalance', 'initial': '0E-8', 'maintenance': '5.00000660', 'currency': 'USDT', 'instrument_id': 'BTCUSDT.BINANCE'}]",False,{}
2024-06-25 18:00:00+00:00,8327.00140479,0E-8,8327.00140479,USDT,BINANCE-001,MARGIN,,[],False,{}
2024-06-25 19:00:00+00:00,8338.70719705,5.00000467,8333.70719238,USDT,BINANCE-001,MARGIN,,"[{'type': 'MarginBalance', 'initial': '0E-8', 'maintenance': '5.00000467', 'currency': 'USDT', 'instrument_id': 'BTCUSDT.BINANCE'}]",False,{}
2024-06-25 19:00:00+00:00,8333.70717597,0E-8,8333.70717597,USDT,BINANCE-001,MARGIN,,[],False,{}
2024-06-26 11:00:00+00:00,8326.13021537,5.00002108,8321.13019429,USDT,BINANCE-001,MARGIN,,"[{'type': 'MarginBalance', 'initial': '0E-8', 'maintenance': '5.00002108', 'currency': 'USDT', 'instrument_id': 'BTCUSDT.BINANCE'}]",False,{}
2024-06-26 11:00:00+00:00,8321.13023836,0E-8,8321.13023836,USDT,BINANCE-001,MARGIN,,[],False,{}
2024-06-26 12:00:00+00:00,8353.29994268,4.99997701,8348.29996567,USDT,BINANCE-001,MARGIN,,"[{'type': 'MarginBalance', 'initial': '0E-8', 'maintenance': '4.99997701', 'currency': 'USDT', 'instrument_id': 'BTCUSDT.BINANCE'}]",False,{}
2024-06-26 12:00:00+00:00,8348.29996267,0E-8,8348.29996267,USDT,BINANCE-001,MARGIN,,[],False,{}
2024-06-26 15:00:00+00:00,8324.62813509,4.99998001,8319.62815508,USDT,BINANCE-001,MARGIN,,"[{'type': 'MarginBalance', 'initial': '0E-8', 'maintenance': '4.99998001', 'currency': 'USDT', 'instrument_id': 'BTCUSDT.BINANCE'}]",False,{}
2024-06-26 15:00:00+00:00,8319.62813321,0E-8,8319.62813321,USDT,BINANCE-001,MARGIN,,[],False,{}
2024-06-26 16:00:00+00:00,8306.91089425,5.00000188,8301.91089237,USDT,BINANCE-001,MARGIN,,"[{'type': 'MarginBalance', 'initial': '0E-8', 'maintenance': '5.00000188', 'currency': 'USDT', 'instrument_id': 'BTCUSDT.BINANCE'}]",False,{}
2024-06-26 16:00:00+00:00,8301.91089983,0E-8,8301.91089983,USDT,BINANCE-001,MARGIN,,[],False,{}
2024-06-28 08:00:00+00:00,8321.55886914,4.99999442,8316.55887472,USDT,BINANCE-001,MARGIN,,"[{'type': 'MarginBalance', 'initial': '0E-8', 'maintenance': '4.99999442', 'currency': 'USDT', 'instrument_id': 'BTCUSDT.BINANCE'}]",False,{}
2024-06-28 08:00:00+00:00,8316.55888289,0E-8,8316.55888289,USDT,BINANCE-001,MARGIN,,[],False,{}
2024-06-28 09:00:00+00:00,8320.72590150,4.99998625,8315.72591525,USDT,BINANCE-001,MARGIN,,"[{'type': 'MarginBalance', 'initial': '0E-8', 'maintenance': '4.99998625', 'currency': 'USDT', 'instrument_id': 'BTCUSDT.BINANCE'}]",False,{}
2024-06-28 09:00:00+00:00,8315.72591922,0E-8,8315.72591922,USDT,BINANCE-001,MARGIN,,[],False,{}
2024-06-28 23:00:00+00:00,8228.80584701,4.99998228,8223.80586473,USDT,BINANCE-001,MARGIN,,"[{'type': 'MarginBalance', 'initial': '0E-8', 'maintenance': '4.99998228', 'currency': 'USDT', 'instrument_id': 'BTCUSDT.BINANCE'}]",False,{}
2024-06-28 23:00:00+00:00,8223.80586624,0E-8,8223.80586624,USDT,BINANCE-001,MARGIN,,[],False,{}
2024-06-29 01:00:00+00:00,8187.03310220,4.99998077,8182.03312143,USDT,BINANCE-001,MARGIN,,"[{'type': 'MarginBalance', 'initial': '0E-8', 'maintenance': '4.99998077', 'currency': 'USDT', 'instrument_id': 'BTCUSDT.BINANCE'}]",False,{}
2024-06-29 01:00:00+00:00,8182.03312397,0E-8,8182.03312397,USDT,BINANCE-001,MARGIN,,[],False,{}
2024-06-29 02:00:00+00:00,8176.09265672,4.99997823,8171.09267849,USDT,BINANCE-001,MARGIN,,"[{'type': 'MarginBalance', 'initial': '0E-8', 'maintenance': '4.99997823', 'currency': 'USDT', 'instrument_id': 'BTCUSDT.BINANCE'}]",False,{}
2024-06-29 02:00:00+00:00,8171.09264712,0E-8,8171.09264712,USDT,BINANCE-001,MARGIN,,[],False,{}
2024-06-29 03:00:00+00:00,8169.22076853,5.00000960,8164.22075893,USDT,BINANCE-001,MARGIN,,"[{'type': 'MarginBalance', 'initial': '0E-8', 'maintenance': '5.00000960', 'currency': 'USDT', 'instrument_id': 'BTCUSDT.BINANCE'}]",False,{}
2024-06-29 03:00:00+00:00,8164.22078507,0E-8,8164.22078507,USDT,BINANCE-001,MARGIN,,[],False,{}
2024-06-29 04:00:00+00:00,8160.17027759,4.99998346,8155.17029413,USDT,BINANCE-001,MARGIN,,"[{'type': 'MarginBalance', 'initial': '0E-8', 'maintenance': '4.99998346', 'currency': 'USDT', 'instrument_id': 'BTCUSDT.BINANCE'}]",False,{}
2024-06-29 04:00:00+00:00,8155.17025531,0E-8,8155.17025531,USDT,BINANCE-001,MARGIN,,[],False,{}
2024-06-29 09:00:00+00:00,8139.11403763,5.00002228,8134.11401535,USDT,BINANCE-001,MARGIN,,"[{'type': 'MarginBalance', 'initial': '0E-8', 'maintenance': '5.00002228', 'currency': 'USDT', 'instrument_id': 'BTCUSDT.BINANCE'}]",False,{}
2024-06-29 09:00:00+00:00,8134.11405542,0E-8,8134.11405542,USDT,BINANCE-001,MARGIN,,[],False,{}
2024-06-29 21:00:00+00:00,8141.54416355,4.99998221,8136.54418134,USDT,BINANCE-001,MARGIN,,"[{'type': 'MarginBalance', 'initial': '0E-8', 'maintenance': '4.99998221', 'currency': 'USDT', 'instrument_id': 'BTCUSDT.BINANCE'}]",False,{}
2024-06-29 21:00:00+00:00,8136.54413386,0E-8,8136.54413386,USDT,BINANCE-001,MARGIN,,[],False,{}
2024-06-29 22:00:00+00:00,8134.39829567,5.00002969,8129.39826598,USDT,BINANCE-001,MARGIN,,"[{'type': 'MarginBalance', 'initial': '0E-8', 'maintenance': '5.00002969', 'currency': 'USDT', 'instrument_id': 'BTCUSDT.BINANCE'}]",False,{}
2024-06-29 22:00:00+00:00,8129.39831019,0E-8,8129.39831019,USDT,BINANCE-001,MARGIN,,[],False,{}
2024-07-01 03:00:00+00:00,8321.53002194,4.99998548,8316.53003646,USDT,BINANCE-001,MARGIN,,"[{'type': 'MarginBalance', 'initial': '0E-8', 'maintenance': '4.99998548', 'currency': 'USDT', 'instrument_id': 'BTCUSDT.BINANCE'}]",False,{}
2024-07-01 03:00:00+00:00,8316.53004731,0E-8,8316.53004731,USDT,BINANCE-001,MARGIN,,[],False,{}
2024-07-01 04:00:00+00:00,8325.01755030,4.99997463,8320.01757567,USDT,BINANCE-001,MARGIN,,"[{'type': 'MarginBalance', 'initial': '0E-8', 'maintenance': '4.99997463', 'currency': 'USDT', 'instrument_id': 'BTCUSDT.BINANCE'}]",False,{}
2024-07-01 04:00:00+00:00,8320.01757487,0E-8,8320.01757487,USDT,BINANCE-001,MARGIN,,[],False,{}
2024-07-02 02:00:00+00:00,8313.73849662,4.99997543,8308.73852119,USDT,BINANCE-001,MARGIN,,"[{'type': 'MarginBalance', 'initial': '0E-8', 'maintenance': '4.99997543', 'currency': 'USDT', 'instrument_id': 'BTCUSDT.BINANCE'}]",False,{}
2024-07-02 02:00:00+00:00,8308.73847341,0E-8,8308.73847341,USDT,BINANCE-001,MARGIN,,[],False,{}
2024-07-02 04:00:00+00:00,8323.03182090,5.00002321,8318.03179769,USDT,BINANCE-001,MARGIN,,"[{'type': 'MarginBalance', 'initial': '0E-8', 'maintenance': '5.00002321', 'currency': 'USDT', 'instrument_id': 'BTCUSDT.BINANCE'}]",False,{}
2024-07-02 04:00:00+00:00,8318.03179317,0E-8,8318.03179317,USDT,BINANCE-001,MARGIN,,[],False,{}
2024-07-02 23:00:00+00:00,8244.33011547,5.00002773,8239.33008774,USDT,BINANCE-001,MARGIN,,"[{'type': 'MarginBalance', 'initial': '0E-8', 'maintenance': '5.00002773', 'currency': 'USDT', 'instrument_id': 'BTCUSDT.BINANCE'}]",False,{}
2024-07-02 23:00:00+00:00,8239.33013633,0E-8,8239.33013633,USDT,BINANCE-001,MARGIN,,[],False,{}
2024-07-03 01:00:00+00:00,8295.89250536,4.99997914,8290.89252622,USDT,BINANCE-001,MARGIN,,"[{'type': 'MarginBalance', 'initial': '0E-8', 'maintenance': '4.99997914', 'currency': 'USDT', 'instrument_id': 'BTCUSDT.BINANCE'}]",False,{}
2024-07-03 01:00:00+00:00,8290.89253314,0E-8,8290.89253314,USDT,BINANCE-001,MARGIN,,[],False,{}
2024-07-03 10:00:00+00:00,8205.54481789,4.99997222,8200.54484567,USDT,BINANCE-001,MARGIN,,"[{'type': 'MarginBalance', 'initial': '0E-8', 'maintenance': '4.99997222', 'currency': 'USDT', 'instrument_id': 'BTCUSDT.BINANCE'}]",False,{}
2024-07-03 10:00:00+00:00,8200.54484237,0E-8,8200.54484237,USDT,BINANCE-001,MARGIN,,[],False,{}
2024-07-03 11:00:00+00:00,8178.46956257,4.99997552,8173.46958705,USDT,BINANCE-001,MARGIN,,"[{'type': 'MarginBalance', 'initial': '0E-8', 'maintenance': '4.99997552', 'currency': 'USDT', 'instrument_id': 'BTCUSDT.BINANCE'}]",False,{}
2024-07-03 11:00:00+00:00,8173.46955459,0E-8,8173.46955459,USDT,BINANCE-001,MARGIN,,[],False,{}
2024-07-04 16:00:00+00:00,7968.80113089,5.00000798,7963.80112291,USDT,BINANCE-001,MARGIN,,"[{'type': 'MarginBalance', 'initial': '0E-8', 'maintenance': '5.00000798', 'currency': 'USDT', 'instrument_id': 'BTCUSDT.BINANCE'}]",False,{}
2024-07-04 16:00:00+00:00,7963.80112595,0E-8,7963.80112595,USDT,BINANCE-001,MARGIN,,[],False,{}
2024-07-04 17:00:00+00:00,7952.60595603,5.00000494,7947.60595109,USDT,BINANCE-001,MARGIN,,"[{'type': 'MarginBalance', 'initial': '0E-8', 'maintenance': '5.00000494', 'currency': 'USDT', 'instrument_id': 'BTCUSDT.BINANCE'}]",False,{}
2024-07-04 17:00:00+00:00,7947.60593555,0E-8,7947.60593555,USDT,BINANCE-001,MARGIN,,[],False,{}
2024-07-06 17:00:00+00:00,7919.03651994,5.00002048,7914.03649946,USDT,BINANCE-001,MARGIN,,"[{'type': 'MarginBalance', 'initial': '0E-8', 'maintenance': '5.00002048', 'currency': 'USDT', 'instrument_id': 'BTCUSDT.BINANCE'}]",False,{}
2024-07-06 17:00:00+00:00,7914.03650062,0E-8,7914.03650062,USDT,BINANCE-001,MARGIN,,[],False,{}
2024-07-06 18:00:00+00:00,7929.17133224,5.00001932,7924.17131292,USDT,BINANCE-001,MARGIN,,"[{'type': 'MarginBalance', 'initial': '0E-8', 'maintenance': '5.00001932', 'currency': 'USDT', 'instrument_id': 'BTCUSDT.BINANCE'}]",False,{}
2024-07-06 18:00:00+00:00,7924.17133692,0E-8,7924.17133692,USDT,BINANCE-001,MARGIN,,[],False,{}
2024-07-07 03:00:00+00:00,7911.90276338,4.99999532,7906.90276806,USDT,BINANCE-001,MARGIN,,"[{'type': 'MarginBalance', 'initial': '0E-8', 'maintenance': '4.99999532', 'currency': 'USDT', 'instrument_id': 'BTCUSDT.BINANCE'}]",False,{}
2024-07-07 03:00:00+00:00,7906.90278026,0E-8,7906.90278026,USDT,BINANCE-001,MARGIN,,[],False,{}
2024-07-07 04:00:00+00:00,7906.24291560,4.99998312,7901.24293248,USDT,BINANCE-001,MARGIN,,"[{'type': 'MarginBalance', 'initial': '0E-8', 'maintenance': '4.99998312', 'currency': 'USDT', 'instrument_id': 'BTCUSDT.BINANCE'}]",False,{}
2024-07-07 04:00:00+00:00,7901.24289082,0E-8,7901.24289082,USDT,BINANCE-001,MARGIN,,[],False,{}
2024-07-08 12:00:00+00:00,7824.19580420,5.00002478,7819.19577942,USDT,BINANCE-001,MARGIN,,"[{'type': 'MarginBalance', 'initial': '0E-8', 'maintenance': '5.00002478', 'currency': 'USDT', 'instrument_id': 'BTCUSDT.BINANCE'}]",False,{}
2024-07-08 12:00:00+00:00,7819.19580423,0E-8,7819.19580423,USDT,BINANCE-001,MARGIN,,[],False,{}
2024-07-08 13:00:00+00:00,7987.63984541,4.99999997,7982.63984544,USDT,BINANCE-001,MARGIN,,"[{'type': 'MarginBalance', 'initial': '0E-8', 'maintenance': '4.99999997', 'currency': 'USDT', 'instrument_id': 'BTCUSDT.BINANCE'}]",False,{}
2024-07-08 13:00:00+00:00,7982.63983861,0E-8,7982.63983861,USDT,BINANCE-001,MARGIN,,[],False,{}
2024-07-08 14:00:00+00:00,8060.04012544,5.00000680,8055.04011864,USDT,BINANCE-001,MARGIN,,"[{'type': 'MarginBalance', 'initial': '0E-8', 'maintenance': '5.00000680', 'currency': 'USDT', 'instrument_id': 'BTCUSDT.BINANCE'}]",False,{}
2024-07-08 14:00:00+00:00,8055.04013350,0E-8,8055.04013350,USDT,BINANCE-001,MARGIN,,[],False,{}
2024-07-08 15:00:00+00:00,8075.04263428,4.99999194,8070.04264234,USDT,BINANCE-001,MARGIN,,"[{'type': 'MarginBalance', 'initial': '0E-8', 'maintenance': '4.99999194', 'currency': 'USDT', 'instrument_id': 'BTCUSDT.BINANCE'}]",False,{}
2024-07-08 15:00:00+00:00,8070.04262285,0E-8,8070.04262285,USDT,BINANCE-001,MARGIN,,[],False,{}
2024-07-09 19:00:00+00:00,8284.60118604,5.00001143,8279.60117461,USDT,BINANCE-001,MARGIN,,"[{'type': 'MarginBalance', 'initial': '0E-8', 'maintenance': '5.00001143', 'currency': 'USDT', 'instrument_id': 'BTCUSDT.BINANCE'}]",False,{}
2024-07-09 19:00:00+00:00,8279.60121403,0E-8,8279.60121403,USDT,BINANCE-001,MARGIN,,[],False,{}
2024-07-09 21:00:00+00:00,8279.96414357,4.99997201,8274.96417156,USDT,BINANCE-001,MARGIN,,"[{'type': 'MarginBalance', 'initial': '0E-8', 'maintenance': '4.99997201', 'currency': 'USDT', 'instrument_id': 'BTCUSDT.BINANCE'}]",False,{}
2024-07-09 21:00:00+00:00,8274.96415370,0E-8,8274.96415370,USDT,BINANCE-001,MARGIN,,[],False,{}
2024-07-10 04:00:00+00:00,8400.71966769,4.99998987,8395.71967782,USDT,BINANCE-001,MARGIN,,"[{'type': 'MarginBalance', 'initial': '0E-8', 'maintenance': '4.99998987', 'currency': 'USDT', 'instrument_id': 'BTCUSDT.BINANCE'}]",False,{}
2024-07-10 04:00:00+00:00,8395.71969536,0E-8,8395.71969536,USDT,BINANCE-001,MARGIN,,[],False,{}
2024-07-10 06:00:00+00:00,8437.72488213,4.99997233,8432.72490980,USDT,BINANCE-001,MARGIN,,"[{'type': 'MarginBalance', 'initial': '0E-8', 'maintenance': '4.99997233', 'currency': 'USDT', 'instrument_id': 'BTCUSDT.BINANCE'}]",False,{}
2024-07-10 06:00:00+00:00,8432.72486319,0E-8,8432.72486319,USDT,BINANCE-001,MARGIN,,[],False,{}
2024-07-10 10:00:00+00:00,8410.21133631,5.00001894,8405.21131737,USDT,BINANCE-001,MARGIN,,"[{'type': 'MarginBalance', 'initial': '0E-8', 'maintenance': '5.00001894', 'currency': 'USDT', 'instrument_id': 'BTCUSDT.BINANCE'}]",False,{}
2024-07-10 10:00:00+00:00,8405.21134196,0E-8,8405.21134196,USDT,BINANCE-001,MARGIN,,[],False,{}
2024-07-10 11:00:00+00:00,8405.16932664,4.99999435,8400.16933229,USDT,BINANCE-001,MARGIN,,"[{'type': 'MarginBalance', 'initial': '0E-8', 'maintenance': '4.99999435', 'currency': 'USDT', 'instrument_id': 'BTCUSDT.BINANCE'}]",False,{}
2024-07-10 11:00:00+00:00,8400.16931350,0E-8,8400.16931350,USDT,BINANCE-001,MARGIN,,[],False,{}
2024-07-10 16:00:00+00:00,8321.57116528,5.00001314,8316.57115214,USDT,BINANCE-001,MARGIN,,"[{'type': 'MarginBalance', 'initial': '0E-8', 'maintenance': '5.00001314', 'currency': 'USDT', 'instrument_id': 'BTCUSDT.BINANCE'}]",False,{}
2024-07-10 16:00:00+00:00,8316.57117260,0E-8,8316.57117260,USDT,BINANCE-001,MARGIN,,[],False,{}
2024-07-10 17:00:00+00:00,8311.57117992,4.99999268,8306.57118724,USDT,BINANCE-001,MARGIN,,"[{'type': 'MarginBalance', 'initial': '0E-8', 'maintenance': '4.99999268', 'currency': 'USDT', 'instrument_id': 'BTCUSDT.BINANCE'}]",False,{}
2024-07-10 17:00:00+00:00,8306.57118724,0E-8,8306.57118724,USDT,BINANCE-001,MARGIN,,[],False,{}
2024-07-12 00:00:00+00:00,8283.28834131,4.99999268,8278.28834863,USDT,BINANCE-001,MARGIN,,"[{'type': 'MarginBalance', 'initial': '0E-8', 'maintenance': '4.99999268', 'currency': 'USDT', 'instrument_id': 'BTCUSDT.BINANCE'}]",False,{}
2024-07-12 00:00:00+00:00,8278.28833305,0E-8,8278.28833305,USDT,BINANCE-001,MARGIN,,[],False,{}
2024-07-12 03:00:00+00:00,8307.56289872,5.00000826,8302.56289046,USDT,BINANCE-001,MARGIN,,"[{'type': 'MarginBalance', 'initial': '0E-8', 'maintenance': '5.00000826', 'currency': 'USDT', 'instrument_id': 'BTCUSDT.BINANCE'}]",False,{}
2024-07-12 03:00:00+00:00,8302.56291519,0E-8,8302.56291519,USDT,BINANCE-001,MARGIN,,[],False,{}
2024-07-12 04:00:00+00:00,8290.20438478,4.99998353,8285.20440125,USDT,BINANCE-001,MARGIN,,"[{'type': 'MarginBalance', 'initial': '0E-8', 'maintenance': '4.99998353', 'currency': 'USDT', 'instrument_id': 'BTCUSDT.BINANCE'}]",False,{}
2024-07-12 04:00:00+00:00,8285.20436470,0E-8,8285.20436470,USDT,BINANCE-001,MARGIN,,[],False,{}
2024-07-12 05:00:00+00:00,8273.33520900,5.00002008,8268.33518892,USDT,BINANCE-001,MARGIN,,"[{'type': 'MarginBalance', 'initial': '0E-8', 'maintenance': '5.00002008', 'currency': 'USDT', 'instrument_id': 'BTCUSDT.BINANCE'}]",False,{}
2024-07-12 05:00:00+00:00,8268.33522609,0E-8,8268.33522609,USDT,BINANCE-001,MARGIN,,[],False,{}
2024-07-12 15:00:00+00:00,8343.64896122,4.99998291,8338.64897831,USDT,BINANCE-001,MARGIN,,"[{'type': 'MarginBalance', 'initial': '0E-8', 'maintenance': '4.99998291', 'currency': 'USDT', 'instrument_id': 'BTCUSDT.BINANCE'}]",False,{}
2024-07-12 15:00:00+00:00,8338.64894277,0E-8,8338.64894277,USDT,BINANCE-001,MARGIN,,[],False,{}
2024-07-12 19:00:00+00:00,8363.01628730,5.00001845,8358.01626885,USDT,BINANCE-001,MARGIN,,"[{'type': 'MarginBalance', 'initial': '0E-8', 'maintenance': '5.00001845', 'currency': 'USDT', 'instrument_id': 'BTCUSDT.BINANCE'}]",False,{}
2024-07-12 19:00:00+00:00,8358.01628999,0E-8,8358.01628999,USDT,BINANCE-001,MARGIN,,[],False,{}
2024-07-13 07:00:00+00:00,8446.76406107,4.99999731,8441.76406376,USDT,BINANCE-001,MARGIN,,"[{'type': 'MarginBalance', 'initial': '0E-8', 'maintenance': '4.99999731', 'currency': 'USDT', 'instrument_id': 'BTCUSDT.BINANCE'}]",False,{}
2024-07-13 07:00:00+00:00,8441.76404831,0E-8,8441.76404831,USDT,BINANCE-001,MARGIN,,[],False,{}
2024-07-13 12:00:00+00:00,8445.45742537,5.00001276,8440.45741261,USDT,BINANCE-001,MARGIN,,"[{'type': 'MarginBalance', 'initial': '0E-8', 'maintenance': '5.00001276', 'currency': 'USDT', 'instrument_id': 'BTCUSDT.BINANCE'}]",False,{}
2024-07-13 12:00:00+00:00,8440.45742805,0E-8,8440.45742805,USDT,BINANCE-001,MARGIN,,[],False,{}
2024-07-13 22:00:00+00:00,8482.96849255,4.99999732,8477.96849523,USDT,BINANCE-001,MARGIN,,"[{'type': 'MarginBalance', 'initial': '0E-8', 'maintenance': '4.99999732', 'currency': 'USDT', 'instrument_id': 'BTCUSDT.BINANCE'}]",False,{}
2024-07-13 22:00:00+00:00,8477.96847975,0E-8,8477.96847975,USDT,BINANCE-001,MARGIN,,[],False,{}
2024-07-14 01:00:00+00:00,8444.79195909,5.00001280,8439.79194629,USDT,BINANCE-001,MARGIN,,"[{'type': 'MarginBalance', 'initial': '0E-8', 'maintenance': '5.00001280', 'currency': 'USDT', 'instrument_id': 'BTCUSDT.BINANCE'}]",False,{}
2024-07-14 01:00:00+00:00,8439.79198489,0E-8,8439.79198489,USDT,BINANCE-001,MARGIN,,[],False,{}
2024-07-14 19:00:00+00:00,8598.96650878,4.99997420,8593.96653458,USDT,BINANCE-001,MARGIN,,"[{'type': 'MarginBalance', 'initial': '0E-8', 'maintenance': '4.99997420', 'currency': 'USDT', 'instrument_id': 'BTCUSDT.BINANCE'}]",False,{}
2024-07-14 19:00:00+00:00,8593.96649609,0E-8,8593.96649609,USDT,BINANCE-001,MARGIN,,[],False,{}
2024-07-15 06:00:00+00:00,8470.86434126,5.00001269,8465.86432857,USDT,BINANCE-001,MARGIN,,"[{'type': 'MarginBalance', 'initial': '0E-8', 'maintenance': '5.00001269', 'currency': 'USDT', 'instrument_id': 'BTCUSDT.BINANCE'}]",False,{}
2024-07-15 06:00:00+00:00,8465.86435144,0E-8,8465.86435144,USDT,BINANCE-001,MARGIN,,[],False,{}
2024-07-15 14:00:00+00:00,8488.51595551,4.99998982,8483.51596569,USDT,BINANCE-001,MARGIN,,"[{'type': 'MarginBalance', 'initial': '0E-8', 'maintenance': '4.99998982', 'currency': 'USDT', 'instrument_id': 'BTCUSDT.BINANCE'}]",False,{}
2024-07-15 14:00:00+00:00,8483.51597593,0E-8,8483.51597593,USDT,BINANCE-001,MARGIN,,[],False,{}
2024-07-15 15:00:00+00:00,8493.72140402,4.99997958,8488.72142444,USDT,BINANCE-001,MARGIN,,"[{'type': 'MarginBalance', 'initial': '0E-8', 'maintenance': '4.99997958', 'currency': 'USDT', 'instrument_id': 'BTCUSDT.BINANCE'}]",False,{}
2024-07-15 15:00:00+00:00,8488.72142539,0E-8,8488.72142539,USDT,BINANCE-001,MARGIN,,[],False,{}
2024-07-15 16:00:00+00:00,8530.38779526,4.99997863,8525.38781663,USDT,BINANCE-001,MARGIN,,"[{'type': 'MarginBalance', 'initial': '0E-8', 'maintenance': '4.99997863', 'currency': 'USDT', 'instrument_id': 'BTCUSDT.BINANCE'}]",False,{}
2024-07-15 16:00:00+00:00,8525.38779685,0E-8,8525.38779685,USDT,BINANCE-001,MARGIN,,[],False,{}
2024-07-15 22:00:00+00:00,8463.05065412,4.99999841,8458.05065571,USDT,BINANCE-001,MARGIN,,"[{'type': 'MarginBalance', 'initial': '0E-8', 'maintenance': '4.99999841', 'currency': 'USDT', 'instrument_id': 'BTCUSDT.BINANCE'}]",False,{}
2024-07-15 22:00:00+00:00,8458.05064165,0E-8,8458.05064165,USDT,BINANCE-001,MARGIN,,[],False,{}
2024-07-16 13:00:00+00:00,8353.70171039,5.00001247,8348.70169792,USDT,BINANCE-001,MARGIN,,"[{'type': 'MarginBalance', 'initial': '0E-8', 'maintenance': '5.00001247', 'currency': 'USDT', 'instrument_id': 'BTCUSDT.BINANCE'}]",False,{}
2024-07-16 13:00:00+00:00,8348.70169463,0E-8,8348.70169463,USDT,BINANCE-001,MARGIN,,[],False,{}
2024-07-16 14:00:00+00:00,8282.41181613,5.00001576,8277.41180037,USDT,BINANCE-001,MARGIN,,"[{'type': 'MarginBalance', 'initial': '0E-8', 'maintenance': '5.00001576', 'currency': 'USDT', 'instrument_id': 'BTCUSDT.BINANCE'}]",False,{}
2024-07-16 14:00:00+00:00,8277.41179054,0E-8,8277.41179054,USDT,BINANCE-001,MARGIN,,[],False,{}
2024-07-16 15:00:00+00:00,8353.95757841,5.00002559,8348.95755282,USDT,BINANCE-001,MARGIN,,"[{'type': 'MarginBalance', 'initial': '0E-8', 'maintenance': '5.00002559', 'currency': 'USDT', 'instrument_id': 'BTCUSDT.BINANCE'}]",False,{}
2024-07-16 15:00:00+00:00,8348.95760709,0E-8,8348.95760709,USDT,BINANCE-001,MARGIN,,[],False,{}
2024-07-16 16:00:00+00:00,8403.10244906,4.99997132,8398.10247774,USDT,BINANCE-001,MARGIN,,"[{'type': 'MarginBalance', 'initial': '0E-8', 'maintenance': '4.99997132', 'currency': 'USDT', 'instrument_id': 'BTCUSDT.BINANCE'}]",False,{}
2024-07-16 16:00:00+00:00,8398.10245261,0E-8,8398.10245261,USDT,BINANCE-001,MARGIN,,[],False,{}
2024-07-16 21:00:00+00:00,8465.74979925,4.99999645,8460.74980280,USDT,BINANCE-001,MARGIN,,"[{'type': 'MarginBalance', 'initial': '0E-8', 'maintenance': '4.99999645', 'currency': 'USDT', 'instrument_id': 'BTCUSDT.BINANCE'}]",False,{}
2024-07-16 21:00:00+00:00,8460.74980193,0E-8,8460.74980193,USDT,BINANCE-001,MARGIN,,[],False,{}
2024-07-17 01:00:00+00:00,8398.12585245,4.99999732,8393.12585513,USDT,BINANCE-001,MARGIN,,"[{'type': 'MarginBalance', 'initial': '0E-8', 'maintenance': '4.99999732', 'currency': 'USDT', 'instrument_id': 'BTCUSDT.BINANCE'}]",False,{}
2024-07-17 01:00:00+00:00,8393.12585750,0E-8,8393.12585750,USDT,BINANCE-001,MARGIN,,[],False,{}
2024-07-18 11:00:00+00:00,8307.15414149,4.99999495,8302.15414654,USDT,BINANCE-001,MARGIN,,"[{'type': 'MarginBalance', 'initial': '0E-8', 'maintenance': '4.99999495', 'currency': 'USDT', 'instrument_id': 'BTCUSDT.BINANCE'}]",False,{}
2024-07-18 11:00:00+00:00,8302.15416195,0E-8,8302.15416195,USDT,BINANCE-001,MARGIN,,[],False,{}
2024-07-18 14:00:00+00:00,8360.74105360,4.99997954,8355.74107406,USDT,BINANCE-001,MARGIN,,"[{'type': 'MarginBalance', 'initial': '0E-8', 'maintenance': '4.99997954', 'currency': 'USDT', 'instrument_id': 'BTCUSDT.BINANCE'}]",False,{}
2024-07-18 14:00:00+00:00,8355.74107683,0E-8,8355.74107683,USDT,BINANCE-001,MARGIN,,[],False,{}
2024-07-20 19:00:00+00:00,8610.24477662,4.99997677,8605.24479985,USDT,BINANCE-001,MARGIN,,"[{'type': 'MarginBalance', 'initial': '0E-8', 'maintenance': '4.99997677', 'currency': 'USDT', 'instrument_id': 'BTCUSDT.BINANCE'}]",False,{}
2024-07-20 19:00:00+00:00,8605.24478995,0E-8,8605.24478995,USDT,BINANCE-001,MARGIN,,[],False,{}
2024-07-20 20:00:00+00:00,8591.66193314,4.99998667,8586.66194647,USDT,BINANCE-001,MARGIN,,"[{'type': 'MarginBalance', 'initial': '0E-8', 'maintenance': '4.99998667', 'currency': 'USDT', 'instrument_id': 'BTCUSDT.BINANCE'}]",False,{}
2024-07-20 20:00:00+00:00,8586.66192426,0E-8,8586.66192426,USDT,BINANCE-001,MARGIN,,[],False,{}
2024-07-21 12:00:00+00:00,8578.06211775,5.00000888,8573.06210887,USDT,BINANCE-001,MARGIN,,"[{'type': 'MarginBalance', 'initial': '0E-8', 'maintenance': '5.00000888', 'currency': 'USDT', 'instrument_id': 'BTCUSDT.BINANCE'}]",False,{}
2024-07-21 12:00:00+00:00,8573.06214586,0E-8,8573.06214586,USDT,BINANCE-001,MARGIN,,[],False,{}
2024-07-21 16:00:00+00:00,8599.77113253,4.99997189,8594.77116064,USDT,BINANCE-001,MARGIN,,"[{'type': 'MarginBalance', 'initial': '0E-8', 'maintenance': '4.99997189', 'currency': 'USDT', 'instrument_id': 'BTCUSDT.BINANCE'}]",False,{}
2024-07-21 16:00:00+00:00,8594.77114418,0E-8,8594.77114418,USDT,BINANCE-001,MARGIN,,[],False,{}
2024-07-23 06:00:00+00:00,8591.53191078,4.99998835,8586.53192243,USDT,BINANCE-001,MARGIN,,"[{'type': 'MarginBalance', 'initial': '0E-8', 'maintenance': '4.99998835', 'currency': 'USDT', 'instrument_id': 'BTCUSDT.BINANCE'}]",False,{}
2024-07-23 06:00:00+00:00,8586.53189900,0E-8,8586.53189900,USDT,BINANCE-001,MARGIN,,[],False,{}
2024-07-23 07:00:00+00:00,8604.87783385,5.00001178,8599.87782207,USDT,BINANCE-001,MARGIN,,"[{'type': 'MarginBalance', 'initial': '0E-8', 'maintenance': '5.00001178', 'currency': 'USDT', 'instrument_id': 'BTCUSDT.BINANCE'}]",False,{}
2024-07-23 07:00:00+00:00,8599.87784310,0E-8,8599.87784310,USDT,BINANCE-001,MARGIN,,[],False,{}
2024-07-23 18:00:00+00:00,8551.51305557,4.99999075,8546.51306482,USDT,BINANCE-001,MARGIN,,"[{'type': 'MarginBalance', 'initial': '0E-8', 'maintenance': '4.99999075', 'currency': 'USDT', 'instrument_id': 'BTCUSDT.BINANCE'}]",False,{}
2024-07-23 18:00:00+00:00,8546.51304633,0E-8,8546.51304633,USDT,BINANCE-001,MARGIN,,[],False,{}
2024-07-23 21:00:00+00:00,8551.06910121,5.00000924,8546.06909197,USDT,BINANCE-001,MARGIN,,"[{'type': 'MarginBalance', 'initial': '0E-8', 'maintenance': '5.00000924', 'currency': 'USDT', 'instrument_id': 'BTCUSDT.BINANCE'}]",False,{}
2024-07-23 21:00:00+00:00,8546.06908705,0E-8,8546.06908705,USDT,BINANCE-001,MARGIN,,[],False,{}
2024-07-28 16:00:00+00:00,8726.57964577,5.00001416,8721.57963161,USDT,BINANCE-001,MARGIN,,"[{'type': 'MarginBalance', 'initial': '0E-8', 'maintenance': '5.00001416', 'currency': 'USDT', 'instrument_id': 'BTCUSDT.BINANCE'}]",False,{}
2024-07-28 16:00:00+00:00,8721.57962483,0E-8,8721.57962483,USDT,BINANCE-001,MARGIN,,[],False,{}
2024-07-28 19:00:00+00:00,8731.70270430,5.00002094,8726.70268336,USDT,BINANCE-001,MARGIN,,"[{'type': 'MarginBalance', 'initial': '0E-8', 'maintenance': '5.00002094', 'currency': 'USDT', 'instrument_id': 'BTCUSDT.BINANCE'}]",False,{}
2024-07-28 19:00:00+00:00,8726.70267049,0E-8,8726.70267049,USDT,BINANCE-001,MARGIN,,[],False,{}
2024-07-29 14:00:00+00:00,8635.75405739,5.00003381,8630.75402358,USDT,BINANCE-001,MARGIN,,"[{'type': 'MarginBalance', 'initial': '0E-8', 'maintenance': '5.00003381', 'currency': 'USDT', 'instrument_id': 'BTCUSDT.BINANCE'}]",False,{}
2024-07-29 14:00:00+00:00,8630.75404028,0E-8,8630.75404028,USDT,BINANCE-001,MARGIN,,[],False,{}
2024-07-29 17:00:00+00:00,8620.14113731,5.00001711,8615.14112020,USDT,BINANCE-001,MARGIN,,"[{'type': 'MarginBalance', 'initial': '0E-8', 'maintenance': '5.00001711', 'currency': 'USDT', 'instrument_id': 'BTCUSDT.BINANCE'}]",False,{}
2024-07-29 17:00:00+00:00,8615.14114219,0E-8,8615.14114219,USDT,BINANCE-001,MARGIN,,[],False,{}
2024-08-02 20:00:00+00:00,8282.70196132,4.99999512,8277.70196620,USDT,BINANCE-001,MARGIN,,"[{'type': 'MarginBalance', 'initial': '0E-8', 'maintenance': '4.99999512', 'currency': 'USDT', 'instrument_id': 'BTCUSDT.BINANCE'}]",False,{}
2024-08-02 20:00:00+00:00,8277.70196955,0E-8,8277.70196955,USDT,BINANCE-001,MARGIN,,[],False,{}
2024-08-02 21:00:00+00:00,8383.95596863,4.99999177,8378.95597686,USDT,BINANCE-001,MARGIN,,"[{'type': 'MarginBalance', 'initial': '0E-8', 'maintenance': '4.99999177', 'currency': 'USDT', 'instrument_id': 'BTCUSDT.BINANCE'}]",False,{}
2024-08-02 21:00:00+00:00,8378.95598724,0E-8,8378.95598724,USDT,BINANCE-001,MARGIN,,[],False,{}
2024-08-03 06:00:00+00:00,8406.56002173,4.99998139,8401.56004034,USDT,BINANCE-001,MARGIN,,"[{'type': 'MarginBalance', 'initial': '0E-8', 'maintenance': '4.99998139', 'currency': 'USDT', 'instrument_id': 'BTCUSDT.BINANCE'}]",False,{}
2024-08-03 06:00:00+00:00,8401.56000579,0E-8,8401.56000579,USDT,BINANCE-001,MARGIN,,[],False,{}
2024-08-03 07:00:00+00:00,8408.71567179,5.00001594,8403.71565585,USDT,BINANCE-001,MARGIN,,"[{'type': 'MarginBalance', 'initial': '0E-8', 'maintenance': '5.00001594', 'currency': 'USDT', 'instrument_id': 'BTCUSDT.BINANCE'}]",False,{}
2024-08-03 07:00:00+00:00,8403.71568783,0E-8,8403.71568783,USDT,BINANCE-001,MARGIN,,[],False,{}
2024-08-04 16:00:00+00:00,8191.58636021,4.99998396,8186.58637625,USDT,BINANCE-001,MARGIN,,"[{'type': 'MarginBalance', 'initial': '0E-8', 'maintenance': '4.99998396', 'currency': 'USDT', 'instrument_id': 'BTCUSDT.BINANCE'}]",False,{}
2024-08-04 16:00:00+00:00,8186.58633622,0E-8,8186.58633622,USDT,BINANCE-001,MARGIN,,[],False,{}
2024-08-04 17:00:00+00:00,8133.46194696,5.00002399,8128.46192297,USDT,BINANCE-001,MARGIN,,"[{'type': 'MarginBalance', 'initial': '0E-8', 'maintenance': '5.00002399', 'currency': 'USDT', 'instrument_id': 'BTCUSDT.BINANCE'}]",False,{}
2024-08-04 17:00:00+00:00,8128.46192043,0E-8,8128.46192043,USDT,BINANCE-001,MARGIN,,[],False,{}
2024-08-05 18:00:00+00:00,7540.63585936,5.00002653,7535.63583283,USDT,BINANCE-001,MARGIN,,"[{'type': 'MarginBalance', 'initial': '0E-8', 'maintenance': '5.00002653', 'currency': 'USDT', 'instrument_id': 'BTCUSDT.BINANCE'}]",False,{}
2024-08-05 18:00:00+00:00,7535.63588177,0E-8,7535.63588177,USDT,BINANCE-001,MARGIN,,[],False,{}
2024-08-05 19:00:00+00:00,7444.25944801,4.99997759,7439.25947042,USDT,BINANCE-001,MARGIN,,"[{'type': 'MarginBalance', 'initial': '0E-8', 'maintenance': '4.99997759', 'currency': 'USDT', 'instrument_id': 'BTCUSDT.BINANCE'}]",False,{}
2024-08-05 19:00:00+00:00,7439.25946792,0E-8,7439.25946792,USDT,BINANCE-001,MARGIN,,[],False,{}
2024-08-06 10:00:00+00:00,7565.65637206,4.99998009,7560.65639197,USDT,BINANCE-001,MARGIN,,"[{'type': 'MarginBalance', 'initial': '0E-8', 'maintenance': '4.99998009', 'currency': 'USDT', 'instrument_id': 'BTCUSDT.BINANCE'}]",False,{}
2024-08-06 10:00:00+00:00,7560.65638302,0E-8,7560.65638302,USDT,BINANCE-001,MARGIN,,[],False,{}
2024-08-06 11:00:00+00:00,7573.06719788,4.99998904,7568.06720884,USDT,BINANCE-001,MARGIN,,"[{'type': 'MarginBalance', 'initial': '0E-8', 'maintenance': '4.99998904', 'currency': 'USDT', 'instrument_id': 'BTCUSDT.BINANCE'}]",False,{}
2024-08-06 11:00:00+00:00,7568.06721481,0E-8,7568.06721481,USDT,BINANCE-001,MARGIN,,[],False,{}
2024-08-06 12:00:00+00:00,7571.70196976,4.99998307,7566.70198669,USDT,BINANCE-001,MARGIN,,"[{'type': 'MarginBalance', 'initial': '0E-8', 'maintenance': '4.99998307', 'currency': 'USDT', 'instrument_id': 'BTCUSDT.BINANCE'}]",False,{}
2024-08-06 12:00:00+00:00,7566.70194251,0E-8,7566.70194251,USDT,BINANCE-001,MARGIN,,[],False,{}
2024-08-06 13:00:00+00:00,7526.97869961,5.00002725,7521.97867236,USDT,BINANCE-001,MARGIN,,"[{'type': 'MarginBalance', 'initial': '0E-8', 'maintenance': '5.00002725', 'currency': 'USDT', 'instrument_id': 'BTCUSDT.BINANCE'}]",False,{}
2024-08-06 13:00:00+00:00,7521.97867444,0E-8,7521.97867444,USDT,BINANCE-001,MARGIN,,[],False,{}
2024-08-06 18:00:00+00:00,7659.89458569,5.00002517,7654.89456052,USDT,BINANCE-001,MARGIN,,"[{'type': 'MarginBalance', 'initial': '0E-8', 'maintenance': '5.00002517', 'currency': 'USDT', 'instrument_id': 'BTCUSDT.BINANCE'}]",False,{}
2024-08-06 18:00:00+00:00,7654.89457456,0E-8,7654.89457456,USDT,BINANCE-001,MARGIN,,[],False,{}
2024-08-06 19:00:00+00:00,7658.53974461,5.00001113,7653.53973348,USDT,BINANCE-001,MARGIN,,"[{'type': 'MarginBalance', 'initial': '0E-8', 'maintenance': '5.00001113', 'currency': 'USDT', 'instrument_id': 'BTCUSDT.BINANCE'}]",False,{}
2024-08-06 19:00:00+00:00,7653.53976196,0E-8,7653.53976196,USDT,BINANCE-001,MARGIN,,[],False,{}
2024-08-08 07:00:00+00:00,7710.91532213,4.99998265,7705.91533948,USDT,BINANCE-001,MARGIN,,"[{'type': 'MarginBalance', 'initial': '0E-8', 'maintenance': '4.99998265', 'currency': 'USDT', 'instrument_id': 'BTCUSDT.BINANCE'}]",False,{}
2024-08-08 07:00:00+00:00,7705.91534389,0E-8,7705.91534389,USDT,BINANCE-001,MARGIN,,[],False,{}
2024-08-08 10:00:00+00:00,7708.51720790,4.99997824,7703.51722966,USDT,BINANCE-001,MARGIN,,"[{'type': 'MarginBalance', 'initial': '0E-8', 'maintenance': '4.99997824', 'currency': 'USDT', 'instrument_id': 'BTCUSDT.BINANCE'}]",False,{}
2024-08-08 10:00:00+00:00,7703.51720938,0E-8,7703.51720938,USDT,BINANCE-001,MARGIN,,[],False,{}
2024-08-08 12:00:00+00:00,7844.22968914,4.99999852,7839.22969062,USDT,BINANCE-001,MARGIN,,"[{'type': 'MarginBalance', 'initial': '0E-8', 'maintenance': '4.99999852', 'currency': 'USDT', 'instrument_id': 'BTCUSDT.BINANCE'}]",False,{}
2024-08-08 12:00:00+00:00,7839.22966485,0E-8,7839.22966485,USDT,BINANCE-001,MARGIN,,[],False,{}
2024-08-08 13:00:00+00:00,7983.18033978,5.00002429,7978.18031549,USDT,BINANCE-001,MARGIN,,"[{'type': 'MarginBalance', 'initial': '0E-8', 'maintenance': '5.00002429', 'currency': 'USDT', 'instrument_id': 'BTCUSDT.BINANCE'}]",False,{}
2024-08-08 13:00:00+00:00,7978.18036440,0E-8,7978.18036440,USDT,BINANCE-001,MARGIN,,[],False,{}
2024-08-08 21:00:00+00:00,8367.86749024,4.99997538,8362.86751486,USDT,BINANCE-001,MARGIN,,"[{'type': 'MarginBalance', 'initial': '0E-8', 'maintenance': '4.99997538', 'currency': 'USDT', 'instrument_id': 'BTCUSDT.BINANCE'}]",False,{}
2024-08-08 21:00:00+00:00,8362.86746982,0E-8,8362.86746982,USDT,BINANCE-001,MARGIN,,[],False,{}
2024-08-08 22:00:00+00:00,8396.16332847,5.00002042,8391.16330805,USDT,BINANCE-001,MARGIN,,"[{'type': 'MarginBalance', 'initial': '0E-8', 'maintenance': '5.00002042', 'currency': 'USDT', 'instrument_id': 'BTCUSDT.BINANCE'}]",False,{}
2024-08-08 22:00:00+00:00,8391.16330692,0E-8,8391.16330692,USDT,BINANCE-001,MARGIN,,[],False,{}
2024-08-09 03:00:00+00:00,8367.80180661,5.00002155,8362.80178506,USDT,BINANCE-001,MARGIN,,"[{'type': 'MarginBalance', 'initial': '0E-8', 'maintenance': '5.00002155', 'currency': 'USDT', 'instrument_id': 'BTCUSDT.BINANCE'}]",False,{}
2024-08-09 03:00:00+00:00,8362.80180723,0E-8,8362.80180723,USDT,BINANCE-001,MARGIN,,[],False,{}
2024-08-09 05:00:00+00:00,8357.80098721,4.99999938,8352.80098783,USDT,BINANCE-001,MARGIN,,"[{'type': 'MarginBalance', 'initial': '0E-8', 'maintenance': '4.99999938', 'currency': 'USDT', 'instrument_id': 'BTCUSDT.BINANCE'}]",False,{}
2024-08-09 05:00:00+00:00,8352.80098701,0E-8,8352.80098701,USDT,BINANCE-001,MARGIN,,[],False,{}
2024-08-10 10:00:00+00:00,8344.60606711,5.00000020,8339.60606691,USDT,BINANCE-001,MARGIN,,"[{'type': 'MarginBalance', 'initial': '0E-8', 'maintenance': '5.00000020', 'currency': 'USDT', 'instrument_id': 'BTCUSDT.BINANCE'}]",False,{}
2024-08-10 10:00:00+00:00,8339.60609563,0E-8,8339.60609563,USDT,BINANCE-001,MARGIN,,[],False,{}
2024-08-10 11:00:00+00:00,8351.52120599,4.99997148,8346.52123451,USDT,BINANCE-001,MARGIN,,"[{'type': 'MarginBalance', 'initial': '0E-8', 'maintenance': '4.99997148', 'currency': 'USDT', 'instrument_id': 'BTCUSDT.BINANCE'}]",False,{}
2024-08-10 11:00:00+00:00,8346.52118512,0E-8,8346.52118512,USDT,BINANCE-001,MARGIN,,[],False,{}
2024-08-10 21:00:00+00:00,8357.69758499,5.00002087,8352.69756412,USDT,BINANCE-001,MARGIN,,"[{'type': 'MarginBalance', 'initial': '0E-8', 'maintenance': '5.00002087', 'currency': 'USDT', 'instrument_id': 'BTCUSDT.BINANCE'}]",False,{}
2024-08-10 21:00:00+00:00,8352.69758174,0E-8,8352.69758174,USDT,BINANCE-001,MARGIN,,[],False,{}
2024-08-10 22:00:00+00:00,8348.55582703,5.00000325,8343.55582378,USDT,BINANCE-001,MARGIN,,"[{'type': 'MarginBalance', 'initial': '0E-8', 'maintenance': '5.00000325', 'currency': 'USDT', 'instrument_id': 'BTCUSDT.BINANCE'}]",False,{}
2024-08-10 22:00:00+00:00,8343.55582814,0E-8,8343.55582814,USDT,BINANCE-001,MARGIN,,[],False,{}
2024-08-12 09:00:00+00:00,8250.13662481,4.99999889,8245.13662592,USDT,BINANCE-001,MARGIN,,"[{'type': 'MarginBalance', 'initial': '0E-8', 'maintenance': '4.99999889', 'currency': 'USDT', 'instrument_id': 'BTCUSDT.BINANCE'}]",False,{}
2024-08-12 09:00:00+00:00,8245.13661296,0E-8,8245.13661296,USDT,BINANCE-001,MARGIN,,[],False,{}
2024-08-12 10:00:00+00:00,8321.30997138,5.00001185,8316.30995953,USDT,BINANCE-001,MARGIN,,"[{'type': 'MarginBalance', 'initial': '0E-8', 'maintenance': '5.00001185', 'currency': 'USDT', 'instrument_id': 'BTCUSDT.BINANCE'}]",False,{}
2024-08-12 10:00:00+00:00,8316.30997265,0E-8,8316.30997265,USDT,BINANCE-001,MARGIN,,[],False,{}
2024-08-17 14:00:00+00:00,8380.78660158,4.99999873,8375.78660285,USDT,BINANCE-001,MARGIN,,"[{'type': 'MarginBalance', 'initial': '0E-8', 'maintenance': '4.99999873', 'currency': 'USDT', 'instrument_id': 'BTCUSDT.BINANCE'}]",False,{}
2024-08-17 14:00:00+00:00,8375.78660718,0E-8,8375.78660718,USDT,BINANCE-001,MARGIN,,[],False,{}
2024-08-17 15:00:00+00:00,8396.93414547,4.99999440,8391.93415107,USDT,BINANCE-001,MARGIN,,"[{'type': 'MarginBalance', 'initial': '0E-8', 'maintenance': '4.99999440', 'currency': 'USDT', 'instrument_id': 'BTCUSDT.BINANCE'}]",False,{}
2024-08-17 15:00:00+00:00,8391.93414171,0E-8,8391.93414171,USDT,BINANCE-001,MARGIN,,[],False,{}
2024-08-20 22:00:00+00:00,8385.24272993,5.00000376,8380.24272617,USDT,BINANCE-001,MARGIN,,"[{'type': 'MarginBalance', 'initial': '0E-8', 'maintenance': '5.00000376', 'currency': 'USDT', 'instrument_id': 'BTCUSDT.BINANCE'}]",False,{}
2024-08-20 22:00:00+00:00,8380.24275697,0E-8,8380.24275697,USDT,BINANCE-001,MARGIN,,[],False,{}
2024-08-20 23:00:00+00:00,8410.06126991,4.99997296,8405.06129695,USDT,BINANCE-001,MARGIN,,"[{'type': 'MarginBalance', 'initial': '0E-8', 'maintenance': '4.99997296', 'currency': 'USDT', 'instrument_id': 'BTCUSDT.BINANCE'}]",False,{}
2024-08-20 23:00:00+00:00,8405.06129721,0E-8,8405.06129721,USDT,BINANCE-001,MARGIN,,[],False,{}
2024-08-30 12:00:00+00:00,8395.48701150,4.99997270,8390.48703880,USDT,BINANCE-001,MARGIN,,"[{'type': 'MarginBalance', 'initial': '0E-8', 'maintenance': '4.99997270', 'currency': 'USDT', 'instrument_id': 'BTCUSDT.BINANCE'}]",False,{}
2024-08-30 12:00:00+00:00,8390.48702341,0E-8,8390.48702341,USDT,BINANCE-001,MARGIN,,[],False,{}
2024-08-30 14:00:00+00:00,8422.71450728,4.99998809,8417.71451919,USDT,BINANCE-001,MARGIN,,"[{'type': 'MarginBalance', 'initial': '0E-8', 'maintenance': '4.99998809', 'currency': 'USDT', 'instrument_id': 'BTCUSDT.BINANCE'}]",False,{}
2024-08-30 14:00:00+00:00,8417.71452708,0E-8,8417.71452708,USDT,BINANCE-001,MARGIN,,[],False,{}
